NAME	# MATCHING PROBE SETS	MATCHING PROBE SET(S)	
MT-ND4L	1	mt-Nd4l	
MT-ND4	1	mt-Nd4	
MT-CO1	2	mt-Co1:COX1	
SCT	1	Sct	
AVIL	1	Avil	
SPRING1	1	Spring1	
MT-ND3	1	mt-Nd3	
TMEM92	1	Tmem92	
MYLK	1	Mylk	
MT-ND1	1	mt-Nd1	
SPIB	1	Spib	
VPREB3	1	Vpreb3	
CRHBP	1	Crhbp	
IL4I1	1	Il4i1	
VPREB1	2	Vpreb1:Vpreb2	
LURAP1L	1	Lurap1l	
DPYSL2	1	Dpysl2	
C3AR1	1	C3ar1	
PGLYRP1	1	Pglyrp1	
GBP6	1	Gbp8	
KRTDAP	1	Krtdap	
ZNF287	1	Zfp287	
HES6	1	Hes6	
ESX1	1	Esx1	
HPCAL1	1	Hpcal1	
LDOC1	1	Ldoc1	
PDYN	1	Pdyn	
ISL1	1	Isl1	
CLDN6	1	Cldn6	
MYL4	1	Myl4	
OPRPN	1	C5ar1	
CH25H	1	Ch25h	
CLDN5	1	Cldn5	
RBP7	1	Rbp7	
CLDN4	1	Cldn4	
RBP4	1	Rbp4	
CLDN3	1	Cldn3	
DDX39A	1	Ddx39a	
MYL7	1	Myl7	
NUP210L	1	Nup210l	
SPINT1	1	Spint1	
MYL1	1	Myl1	
DDIT3	1	Ddit3	
CLDN7	1	Cldn7	
RBP1	1	Rbp1	
PSME2	1	Psme2b	
SPARCL1	1	Sparcl1	
AGTR2	1	Agtr2	
MT-CO3	2	COX3:mt-Co3	
MYL9	1	Myl9	
ATF3	1	Atf3	
SLBP	1	Slbp	
CRABP2	1	Crabp2	
ABCB5	1	Abcb5	
CRABP1	1	Crabp1	
NCAPG	1	Ncapg	
LYPD3	1	Lypd3	
THY1	1	Thy1	
GATA2	1	Gata2	
PLA2G7	1	Pla2g7	
GABARAP	1	Gabarap	
SLC5A5	1	Slc5a5	
C3	1	C3	
DYNC2LI1	1	Dync2li1	
HSD11B1	1	Hsd11b1	
HSD11B2	1	Hsd11b2	
SFN	1	Sfn	
PRELID3B	1	Prelid3b	
LYN	1	Lyn	
NGFR	1	Ngfr	
JUN	1	Jun	
NAPSA	1	Napsa	
GSTM1	1	Gstm1	
BTBD17	1	Btbd17	
CADM1	1	Cadm1	
TSLP	1	Tslp	
ABCA6	1	Abca6	
TIPARP	1	Tiparp	
FN1	1	Fn1	
IL31RA	1	Il31ra	
NR0B1	1	Nr0b1	
LYZ	1	Lyz2	
CP	1	Cp	
H1-2	2	Hist1h1c:H1f2	
PGA4	1	Pga5	
COL1A1	1	Col1a1	
DAZL	1	Dazl	
MLLT11	1	Mllt11	
BHMT	1	Bhmt	
COL1A2	1	Col1a2	
MYMX	1	Mymx	
RNF227	1	Rnf227	
FXYD3	1	Fxyd3	
PRXL2A	1	Prxl2a	
FXYD1	1	Fxyd1	
TREML2	1	Treml2	
NANOG	1	Nanog	
HROB	1	Hrob	
HAMP	1	Hamp	
DMRTC1B	1	Dmrtc1a	
GPR18	1	Gpr18	
HLA-DRB1	1	H2-Eb1	
LGMN	1	Lgmn	
PSME3IP1	1	Psme3ip1	
ANXA8L1	1	Anxa8	
RPLP1	2	Gm10073:Rplp1	
RPLP0	1	Rplp0	
EFCAB3	1	Efcab3	
LRRC32	1	Lrrc32	
RCSD1	1	Rcsd1	
SHB	1	Shb	
AREG	1	Areg	
EFCAB8	1	Efcab8	
HOXC10	1	Hoxc10	
ARHGAP4	1	Arhgap4	
SMPD3	1	Smpd3	
SHE	1	She	
TUBA1A	1	Tuba1a	
HEY1	1	Hey1	
CTLA4	1	Ctla4	
NEFL	1	Nefl	
OLR1	1	Olr1	
NEFM	1	Nefm	
DUSP4	1	Dusp4	
DUSP5	1	Dusp5	
FGFBP1	1	Fgfbp1	
LEFTY1	1	Lefty1	
ARG1	1	Arg1	
DUSP1	1	Dusp1	
GSTO1	1	Gsto1	
PGAM1	1	Pgam1	
PGAM2	1	Pgam2	
BGN	1	Bgn	
DNTT	1	Dntt	
FOS	1	Fos	
DUSP9	1	Dusp9	
F3	1	F3	
DUSP6	1	Dusp6	
MMP10	1	Mmp10	
SUMF1	1	Sumf1	
GON7	1	Gon7	
MMP12	1	Mmp12	
MRPL53	1	Mrpl53	
TMEM37	1	Tmem37	
MMP14	1	Mmp14	
TMEFF2	1	Tmeff2	
MBLAC2	1	Mblac2	
MMP13	1	Mmp13	
OAF	1	Oaf	
CDC42EP3	1	Cdc42ep3	
ACSBG1	1	Acsbg1	
NUP62CL	1	Nup62cl	
CRYAB	1	Cryab	
VAMP5	1	Vamp5	
CHST2	1	Chst2	
DMAC1	1	Dmac1	
COL11A1	1	Col11a1	
PELI3	1	Peli3	
CRCT1	1	Crct1	
PTGS2	2	COX2:Ptgs2	
SLC7A3	1	Slc7a3	
SULT1E1	1	Sult1e1	
BGLAP	2	Bglap2:Bglap	
PLAGL1	1	Plagl1	
UCP2	1	Ucp2	
SPP1	1	Spp1	
FLNA	1	Flna	
FLNC	1	Flnc	
GC	1	Gc	
RPS27A	1	Rps27a	
LEFTY2	1	Lefty2	
MEF2D	1	Mef2d	
TP53I11	1	Trp53i11	
JAM2	1	Jam2	
GNAS-AS1	1	Gnasas1	
LRRC26	1	Lrrc26	
EGLN3	1	Egln3	
CENPX	1	Cenpx	
GOLM2	1	Golm2	
CKMT1A	1	Ckmt1	
USP9Y	1	Usp9y	
UNCX	1	Uncx	
PSMB8	1	Psmb8	
HEYL	1	Heyl	
CENPF	1	Cenpf	
COL3A1	1	Col3a1	
FABP3	1	Fabp3	
FABP4	1	Fabp4	
FABP5	1	Fabp5	
FABP7	1	Fabp7	
ETFBKMT	1	Mettl20	
AGRP	1	Agrp	
RPL22L1	1	Rpl22l1	
CRLF1	1	Crlf1	
CRB3	1	Crb3	
UGT1A10	1	Ugt1a7c	
NRROS	1	Nrros	
NCF2	1	Ncf2	
GPR65	1	Gpr65	
NCF4	1	Ncf4	
REG1A	1	Reg1	
HP	1	Hp	
ZBTB21	1	Zbtb21	
PTPRVP	1	Ptprv	
HIKESHI	1	Hikeshi	
CXCL13	1	Cxcl13	
FRY	1	Fry	
CXCL14	1	Cxcl14	
NUDT11	1	Nudt11	
EFEMP1	1	Efemp1	
YY2	1	Yy2	
LEPR	1	Lepr	
KPNA7	1	Kpna7	
KMT5B	1	Kmt5b	
KMT5A	1	Kmt5a	
PITX2	1	Pitx2	
SLC16A2	1	Slc16a2	
HLA-DOB	1	H2-Ob	
SLC16A3	1	Slc16a3	
EIF1AY	6	Gm5662:Gm8300:Gm21319:Gm21936:Gm2016:BB287469	
S100A1	1	S100a1	
FST	1	Fst	
NCCRP1	1	Nccrp1	
NEAT1	1	Neat1	
LENEP	1	Lenep	
ADCYAP1	1	Adcyap1	
OLFM1	1	Olfm1	
LIX1	1	Lix1	
MFNG	1	Mfng	
LY6D	1	Ly6d	
S100A6	1	S100a6	
MAL	1	Mal	
UTS2	1	Uts2	
S100A4	1	S100a4	
PTPRCAP	1	Ptprcap	
LY6H	4	Ly6c1:Ly6h:Ly6a:Ly6c2	
S100A9	1	S100a9	
PVALB	1	Pvalb	
FTL	1	Ftl1	
BLK	1	Blk	
CHODL	1	Chodl	
GRIA2	1	Gria2	
ECSCR	1	Ecscr	
TACSTD2	1	Tacstd2	
GSTT2	1	Gstt2	
TNFRSF11B	1	Tnfrsf11b	
FOXO4	1	Foxo4	
NREP	1	Nrep	
REG3G	1	Reg3g	
CORO1A	1	Coro1a	
SOCS3	1	Socs3	
MBP	1	Mbp	
SLC38A4	1	Slc38a4	
BDNF	1	Bdnf	
TNFRSF9	1	Tnfrsf9	
LY86	1	Ly86	
FBXO34	1	Fbxo34	
CXCL10	1	Cxcl10	
CXCL12	1	Cxcl12	
RGCC	1	Rgcc	
OGN	1	Ogn	
TBXAS1	1	Tbxas1	
LCN2	1	Lcn2	
MDM2	1	Mdm2	
SP5	1	Sp5	
ADSS1	1	Adssl1	
MT-CYB	1	mt-Cytb	
SNAP25	1	Snap25	
FLT1	1	Flt1	
ITGB4	1	Itgb4	
MTCL1	1	Mtcl1	
COX4I2	1	Cox4i2	
ITGB2	1	Itgb2	
CELF4	1	Celf4	
FHL2	1	Fhl2	
MSLN	1	Msln	
SPN	1	Spn	
FCGR3A	1	Fcgr4	
HHEX	1	Hhex	
ARL5C	1	Arl5c	
MDK	1	Mdk	
SUMO2	1	Sumo2	
ZNF646	1	Zfp646	
ITGB6	1	Itgb6	
UPP1	1	Upp1	
EDIL3	1	Edil3	
EIF5A	1	Eif5a	
PTCRA	1	Ptcra	
HSP90AA1	1	Hsp90aa1	
PEG3	1	Peg3	
CEP295	1	Cep295	
GKN1	1	Gkn1	
TNFRSF18	1	Tnfrsf18	
GKN2	1	Gkn2	
HTR3A	1	Htr3a	
CES4A	1	Ces4a	
RRM2B	1	Rrm2b	
HAND1	1	Hand1	
ITGA5	1	Itga5	
LCP1	1	Lcp1	
SLC25A5	1	Slc25a5	
ITIH5	1	Itih5	
C1S	1	C1s1	
C1R	1	C1ra	
TBXT	1	T	
DEPP1	2	8430408G22Rik:Depp1	
CCL8	2	Ccl12:Ccl8	
CCL7	1	Ccl7	
PHKG1	1	Phkg1	
CCL5	1	Ccl5	
NNAT	1	Nnat	
CCL3	1	Ccl3	
CCL2	1	Ccl2	
CTHRC1	1	Cthrc1	
H2AZ1	1	H2az1	
H2AZ2	1	H2az2	
PPP1R14A	1	Ppp1r14a	
SLC12A3	1	Slc12a3	
KCNJ8	1	Kcnj8	
PCDH9	1	Pcdh9	
PRRX1	1	Prrx1	
PRRX2	1	Prrx2	
REC8	1	Rec8	
NELL2	1	Nell2	
FCGR2A	1	Fcgr3	
MTRES1	1	Mtres1	
MYO1C	1	Myo1c	
TSPAN13	1	Tspan13	
OR2V1	1	Olfr56	
SST	1	Sst	
SYT11	1	Syt11	
POU2AF1	1	Pou2af1	
TSPAN18	1	Tspan18	
MGP	1	Mgp	
ST7	1	St7	
OCIAD2	1	Ociad2	
SMIM40	1	Smim40	
FCGR2B	1	Fcgr2b	
PIK3AP1	1	Pik3ap1	
KCNK2	1	Kcnk2	
NOP53	1	Nop53	
CD244	1	Cd244a	
VPS35L	1	Vps35l	
NPFFR2	1	Npffr2	
ERRFI1	1	Errfi1	
JPT1	1	Jpt1	
SPON2	1	Spon2	
KHDC3L	1	Khdc3	
MT1X	1	Mt2	
IKZF1	1	Ikzf1	
IKZF3	1	Ikzf3	
ACTB	1	Actb	
ICAM1	1	Icam1	
LGALS3	1	Lgals3	
BAIAP2L1	1	Baiap2l1	
IL36A	1	Il1f6	
LGALS1	1	Lgals1	
RASSF2	1	Rassf2	
PEG10	1	Peg10	
BSG	1	Bsg	
RESP18	1	Resp18	
CCN5	1	Wisp2	
RCC1	1	Rcc1	
CCN4	1	Wisp1	
CCN3	2	Nov:Ccn3	
IL12A	1	Il12a	
CCN2	1	Ctgf	
LGALS9	1	Lgals9	
CCN1	1	Cyr61	
LGALS7	1	Lgals7	
SCN1B	1	Scn1b	
EPHA5	1	Epha5	
RSAD2	1	Rsad2	
ANK2	1	Ank2	
MIF	1	Mif	
TM4SF1	1	Tm4sf1	
SFRP4	1	Sfrp4	
SFRP1	1	Sfrp1	
CCDC80	1	Ccdc80	
MT1A	1	Mt1	
SFRP2	1	Sfrp2	
IFI27	1	Ifi27	
SLPI	1	Slpi	
TRIM17	1	Trim17	
CRISPLD2	1	Crispld2	
SNHG11	1	Snhg11	
SFRP5	1	Sfrp5	
MXRA8	1	Mxra8	
KCNQ5	1	Kcnq5	
MGARP	1	Mgarp	
MXRA7	1	Mxra7	
TAGLN3	1	Tagln3	
ALPK1	1	Alpk1	
NAIP	1	Naip1	
NRN1	1	Nrn1	
PCDH10	1	Pcdh10	
TMEM63C	1	Tmem63c	
PCDH12	1	Pcdh12	
AARD	1	Aard	
KALRN	1	Kalrn	
PCDH17	1	Pcdh17	
APELA	1	Apela	
SYNGR1	1	Syngr1	
TSPAN8	1	Tspan8	
CD19	1	Cd19	
PENK	1	Penk	
APOD	1	Apod	
SLAMF6	1	Slamf6	
APOE	1	Apoe	
CD14	1	Cd14	
NTNG1	1	Ntng1	
EGR1	1	Egr1	
GREB1	1	Greb1	
IGF2	1	Igf2	
IGF1	1	Igf1	
PPBP	1	Ppbp	
PRG3	1	Prg3	
CNFN	1	Cnfn	
MYLPF	1	Mylpf	
BST1	1	Bst1	
CYP26A1	1	Cyp26a1	
NDUFAF8	1	Ndufaf8	
TH	1	Th	
RPL27A	2	Gm7536:Rpl27a	
ID2	1	Id2	
ID4	1	Id4	
CD27	1	Cd27	
ID3	1	Id3	
CALM1	1	Calm1	
CTRC	1	Ctrc	
FBXL4	1	Fbxl4	
RETREG1	1	Retreg1	
CD200	1	Cd200	
CD22	1	Cd22	
BARHL1	1	Barhl1	
PCSK2	1	Pcsk2	
IGHM	1	Ighm	
NRP1	1	Nrp1	
ECM1	1	Ecm1	
NRP2	1	Nrp2	
PPP1R17	1	Ppp1r17	
GRIK3	1	Grik3	
ICA1	1	Ica1	
KIF14	1	Kif14	
WFDC1	1	Wfdc1	
N4BP2L1	1	N4bp2l1	
CTSV	1	Ctsl	
TNFRSF13C	1	Tnfrsf13c	
CHRDL2	1	Chrdl2	
CTSS	1	Ctss	
WFDC2	1	Wfdc2	
WFDC3	1	Wfdc3	
GNGT1	1	Gngt1	
MT-ATP6	1	mt-Atp6	
GNGT2	1	Gngt2	
CTSL	4	Ctsr:Cts8:Ctsj:Ctsq	
RAC2	1	Rac2	
DHX16	1	Dhx16	
MUC13	1	Muc13	
CD37	1	Cd37	
ARIH1	1	Arih1	
CD36	1	Cd36	
CTSE	1	Ctse	
CD34	1	Cd34	
CTSD	1	Ctsd	
LMCD1	1	Lmcd1	
AASS	1	Aass	
CAMP	1	Camp	
CTSB	1	Ctsb	
CD53	1	Cd53	
SBSPON	1	Sbspon	
CD52	1	Cd52	
FCER1G	1	Fcer1g	
FOXD1	1	Foxd1	
TMEM150A	1	Tmem150a	
IL19	1	Il19	
IL16	1	Il16	
PLAAT3	1	Plaat3	
ANO4	1	Ano4	
SORCS2	1	Sorcs2	
TLCD3B	1	Tlcd3b	
OOEP	1	Ooep	
ANO1	1	Ano1	
GAL	1	Gal	
BANK1	1	Bank1	
IGHD	1	Ighd	
MZB1	1	Mzb1	
CD48	1	Cd48	
NCOA7	1	Ncoa7	
MFGE8	1	Mfge8	
PTMA	1	Ptma	
ARHGEF6	1	Arhgef6	
CD63	1	Cd63	
TAGLN	1	Tagln	
MARCHF1	1	Marchf1	
RAMP3	1	Ramp3	
SELPLG	1	Selplg	
TMPRSS5	1	Tmprss5	
ATP23	1	Atp23	
SLC43A3	1	Slc43a3	
DEFB126	1	Defb22	
CTXND1	1	Gm2115	
CRYBA4	1	Cryba4	
FITM2	1	Fitm2	
CYP17A1	1	Cyp17a1	
IGKC	1	Igkc	
GPC3	1	Gpc3	
MSX1	1	Msx1	
PAK3	1	Pak3	
EXOSC2	1	Exosc2	
MAP3K2	1	Map3k2	
CD74	1	Cd74	
NPM1	1	Npm1	
CD72	1	Cd72	
CAVIN1	1	Cavin1	
GCH1	1	Gch1	
CAVIN2	1	Sdpr	
CAVIN3	1	Cavin3	
GCGR	1	Gcgr	
TMEM176B	1	Tmem176b	
TMEM176A	1	Tmem176a	
DKKL1	1	Dkkl1	
GCG	1	Gcg	
MIAT	1	Miat	
KAZALD1	1	Kazald1	
KLK10	1	Klk10	
MT-ATP8	1	mt-Atp8	
CMSS1	1	Cmss1	
NOL4L	1	Nol4l	
KLHL6	1	Klhl6	
STK17B	1	Stk17b	
TTC3	1	Ttc3	
CD68	1	Cd68	
FOXA2	1	Foxa2	
DCLRE1B	1	Dclre1b	
C1orf54	1	BC028528	
CD81	1	Cd81	
DENND5B	1	Dennd5b	
GIMAP1	1	Gimap1	
LOXL3	1	Loxl3	
WASHC2C	1	Washc2	
OTP	1	Otp	
TTF2	1	Ttf2	
ACTG2	1	Actg2	
IFI44L	1	Ifi44l	
LOXL1	1	Loxl1	
ACTG1	1	Actg1	
LOXL2	1	Loxl2	
NPPB	1	Nppb	
RGS4	1	Rgs4	
NPPC	1	Nppc	
RGS5	1	Rgs5	
TMEM267	1	Gm7120	
RGS2	1	Rgs2	
CCND2	1	Ccnd2	
KIF5C	1	Kif5c	
RGS1	1	Rgs1	
MPZ	1	Mpz	
DUOXA2	1	Duoxa2	
NPPA	1	Nppa	
NRTN	1	Nrtn	
CCDC163	1	Ccdc163	
RAG2	1	Rag2	
TGM3	1	Tgm3	
TGM2	1	Tgm2	
ZBP1	1	Zbp1	
OSR2	1	Osr2	
SPINK1	1	Spink1	
MSX2	1	Msx2	
HBE1	1	Hbb-y	
PHGR1	1	Phgr1	
IRAG2	1	Lrmp	
PCOLCE	1	Pcolce	
CARTPT	1	Cartpt	
LAX1	1	Lax1	
RUNDC3A	1	Rundc3a	
PDGFRL	1	Pdgfrl	
EEF1A1	1	Eef1a1	
PCP4	1	Pcp4	
TMX4	1	Tmx4	
TYROBP	1	Tyrobp	
C9orf116	1	1700007K13Rik	
ADAM1A	1	Adam1a	
FETUB	1	Fetub	
WDFY4	1	Wdfy4	
FBN2	1	Fbn2	
C20orf144	1	1700003F12Rik	
UTP25	1	Utp25	
CALCA	1	Calca	
CALCB	1	Calcb	
RTN1	1	Rtn1	
ATP5MC2	1	Atp5g2	
HTRA1	1	Htra1	
PLD4	1	Pld4	
GLYAT	1	Glyat	
BHLHE23	1	Bhlhe23	
NDRG1	1	Ndrg1	
ADGRG3	1	Adgrg3	
NME1-NME2	1	Nme2	
CNN1	1	Cnn1	
WNT6	1	Wnt6	
ADGRG1	1	Adgrg1	
TMEM245	1	Tmem245	
CALCR	1	Calcr	
CYP11A1	1	Cyp11a1	
CYTL1	1	Cytl1	
TAC3	1	Tac2	
TAC1	1	Tac1	
WNT1	1	Wnt1	
MAGEA10	1	3830417A13Rik	
CNMD	1	Lect1	
PRPH	1	Prph	
SYT4	1	Syt4	
TFAP2B	1	Tfap2b	
NIBAN3	1	Niban3	
NIBAN2	1	Niban2	
VCAM1	1	Vcam1	
SYT1	1	Syt1	
UBE2C	1	Ube2c	
CAV1	1	Cav1	
RARRES2	1	Rarres2	
CHCHD10	1	Chchd10	
GGH	1	Ggh	
HMGA2	1	Hmga2	
ISG15	1	Isg15	
INHBA	1	Inhba	
CYRIB	1	Cyrib	
SSH2	1	Ssh2	
MT3	1	Mt3	
PHOX2B	1	Phox2b	
BMP4	1	Bmp4	
AFDN	1	Afdn	
AHI1	1	Ahi1	
COL5A1	1	Col5a1	
FAM151A	1	Fam151a	
UBE2S	1	Ube2s	
FGF19	1	Fgf15	
COL5A2	1	Col5a2	
MKRN1	1	Mkrn1	
NXF2B	1	Nxf7	
ALPL	1	Alpl	
PHF13	1	Phf13	
TCF4	1	Tcf4	
OSTN	1	Ostn	
RTP4	1	Rtp4	
SNED1	1	Sned1	
RHOXF1	1	Rhox12	
PODXL2	1	Podxl2	
CPXM2	1	Cpxm2	
MS4A7	1	Ms4a7	
ATP2A3	1	Atp2a3	
LAMC1	1	Lamc1	
AFF3	1	Aff3	
DMKN	1	Dmkn	
SEPTIN11	1	Septin11	
ADGRE1	1	Adgre1	
CALB2	1	Calb2	
CALB1	1	Calb1	
CA3	1	Car3	
CA2	1	Car2	
CA4	1	Car4	
GRM8	1	Grm8	
CA6	1	Car6	
CFAP46	1	Cfap46	
CPXM1	1	Cpxm1	
CYREN	1	Cyren	
CYTIP	1	Cytip	
OLIG3	1	Olig3	
PLA2G4D	1	Pla2g4d	
UTP11	1	Utp11	
MMP2	1	Mmp2	
PLA2G4B	1	Pla2g4b	
MMP3	1	Mmp3	
ETV1	1	Etv1	
TENT5A	1	Fam46a	
MMP8	1	Mmp8	
SSTR2	1	Sstr2	
MMP9	1	Mmp9	
H2BC18	1	H2bc18	
ACTA2	1	Acta2	
RCN3	1	Rcn3	
ACTA1	1	Acta1	
H2BC13	1	H2bc13	
ELF3	1	Elf3	
VGF	1	Vgf	
DPPA3	1	Dppa3	
IRF4	1	Irf4	
IRF1	1	Irf1	
MYOD1	1	Myod1	
ADGRF5	1	Adgrf5	
GFOD2	1	Gfod2	
IFIT1B	2	Ifit1bl1:Ifit1bl2	
CHI3L1	1	Chil1	
DPPA5	1	Dppa5a	
INA	1	Ina	
MS4A1	1	Ms4a1	
SCN4B	1	Scn4b	
FBP2	1	Fbp2	
LAMA5	1	Lama5	
BCL2A1	1	Bcl2a1b	
DAPL1	1	Dapl1	
LAMA1	1	Lama1	
DBX1	1	Dbx1	
CRMP1	1	Crmp1	
RETN	1	Retn	
FTHL17	1	Fthl17a	
IL1RL1	1	Il1rl1	
GNG3	1	Gng3	
MKNK2	1	Mknk2	
GNG8	1	Gng8	
TDH	1	Tdh	
SLIT2	1	Slit2	
CRYM	1	Crym	
ATOH1	1	Atoh1	
CHGA	1	Chga	
S100G	1	S100g	
BNIP3	1	Bnip3	
CCK	1	Cck	
LAMB1	1	Lamb1	
ATP2B1	1	Atp2b1	
EPOP	1	Epop	
IRGM	1	Igtp	
SOD3	1	Sod3	
HS3ST1	1	Hs3st1	
ADGRD1	1	Adgrd1	
ACTC1	1	Actc1	
COL7A1	1	Col7a1	
TBX10	1	Tbx10	
CD9	1	Cd9	
PTX3	1	Ptx3	
THRSP	1	Thrsp	
VIM	1	Vim	
VIP	1	Vip	
CYFIP2	1	Cyfip2	
PNMT	1	Pnmt	
TRIR	1	Trir	
CDA	1	Cda	
RPL5	1	Gm15500	
EHF	1	Ehf	
RPL3	1	Rpl3	
RPL32	1	Rpl32	
SERPINE2	1	Serpine2	
RPL31	1	Rpl31-ps8	
DQX1	1	Dqx1	
COL12A1	1	Col12a1	
SERPINE1	1	Serpine1	
GPATCH2	1	Gpatch2	
IPP	1	Ipp	
STMN2	1	Stmn2	
STMN3	1	Stmn3	
DMP1	1	Dmp1	
STMN4	1	Stmn4	
UPK3BL1	1	Upk3bl	
MICOS13	1	Micos13	
SLC4A2	1	Slc4a2	
MICOS10	1	Micos10	
RPL8	1	Rpl8	
ENO3	1	Eno3	
NAA80	1	Naa80	
HOXA9	1	Hoxa9	
SOX17	1	Sox17	
GPR171	1	Gpr171	
STMN1	1	Stmn1	
AP1S2	1	Ap1s2	
RPL35	1	Gm2000	
PROK2	1	Prok2	
RPL38	1	Rpl38	
PRSS8	1	Prss8	
RPL37	2	Rpl37rt:Rpl37	
PRSS3	1	Try5	
RPL39	1	Rpl39	
HOXA5	1	Hoxa5	
CHGB	1	Chgb	
IER3	1	Ier3	
SULT2A1	1	Sult2a8	
ADGB	1	Adgb	
PRKCB	1	Prkcb	
SERPINF1	1	Serpinf1	
KRTAP17-1	1	Krtap17-1	
SOX11	1	Sox11	
DKK1	1	Dkk1	
SOX10	1	Sox10	
DKK2	1	Dkk2	
DKK4	1	Dkk4	
BCAM	1	Bcam	
BIN1	1	Bin1	
MAP1B	1	Map1b	
FDX2	1	Fdx2	
ANOS1	1	Wfdc17	
ACOT1	1	Acot1	
SERPING1	1	Serping1	
HOXB2	1	Hoxb2	
PRKCQ	1	Prkcq	
HOXB1	1	Hoxb1	
HOXB6	1	Hoxb6	
LINC00643	1	1700086L19Rik	
HOXB5	1	Hoxb5	
MEG3	1	Meg3	
RD3	1	Rd3	
LIPT1	1	Lipt1	
ENPEP	1	Enpep	
TPH1	1	Tph1	
SNU13	1	Snu13	
ADH7	1	Adh7	
PLAC8	1	Plac8	
LDHB	1	Ldhb	
LDHA	1	Ldha	
S100A16	1	S100a16	
PRDX1	1	Prdx1	
PTPMT1	1	Ptpmt1	
ALX3	1	Alx3	
PLCG2	1	Plcg2	
S100A13	1	S100a13	
SERPINH1	1	Serpinh1	
PCDHA4	1	Gm37013	
HMOX1	1	Hmox1	
PLAC1	1	Plac1	
ST3GAL6	1	St3gal6	
S100A14	1	S100a14	
CGA	1	Cga	
HOXC8	1	Hoxc8	
HLA-DQA1	1	H2-Aa	
S100A11	1	S100a11	
GSDMD	1	Gsdmd	
RPL41	1	Rpl41	
THAP12	1	Thap12	
SLC16A11	1	Slc16a11	
NR1D2	1	Nr1d2	
GJB2	1	Gjb2	
GJB3	1	Gjb3	
GJB6	1	Gjb6	
GJB5	1	Gjb5	
PNOC	1	Pnoc	
CYP1A1	1	Cyp1a1	
SERPINI1	1	Serpini1	
ADA	1	Ada	
BPIFC	1	Bpifc	
GAPT	1	Gapt	
CDKN1C	1	Cdkn1c	
RET	1	Ret	
SERPINA3	2	Serpina3n:Serpina3g	
BTG2	1	Btg2	
CDKN1A	1	Cdkn1a	
BTG1	1	Btg1	
SERPINA1	2	Serpina1c:Serpina1d	
TINAGL1	1	Tinagl1	
YJEFN3	1	Yjefn3	
ELN	1	Eln	
PRSS27	1	Prss27	
ADM	1	Adm	
FMN1	1	Fmn1	
PRSS22	1	Prss22	
PRSS23	1	Prss23	
MS4A4A	1	Ms4a4b	
C11orf98	1	1810009A15Rik	
RNF157	1	Rnf157	
C1QTNF3	1	C1qtnf3	
CSRP3	1	Csrp3	
PIP4P1	1	Pip4p1	
LCE5A	1	Lce1g	
TMSB4X	1	Tmsb4x	
MRC1	1	Mrc1	
RACK1	1	Rack1	
RSPO3	1	Rspo3	
TIMP3	1	Timp3	
ELOB	1	Elob	
ELOC	1	Eloc	
RSPO1	1	Rspo1	
TIMP1	1	Timp1	
HAVCR1	1	Timd2	
RAB5IF	1	Rab5if	
FCRL2	1	Fcrls	
BATF3	1	Batf3	
SERPINB1	1	Serpinb1a	
ANXA1	1	Anxa1	
FMC1-LUC7L2	1	Fmc1	
ANXA2	1	Anxa2	
TCF15	1	Tcf15	
PLLP	1	Pllp	
TESC	1	Tesc	
ITPK1	1	Itpk1	
COPZ2	1	Copz2	
SERPINB9	4	Serpinb9b:Serpinb9g:Serpinb9d:Serpinb9e	
PAX5	1	Pax5	
ECRG4	1	1500015O10Rik	
PRSS12	1	Prss12	
SERPINB6	1	Serpinb6b	
C11orf87	1	AI593442	
MS4A6A	1	Ms4a6d	
TUBB2B	1	Tubb2b	
COL2A1	1	Col2a1	
ANGPTL7	1	Angptl7	
TAL2	1	Tal2	
GAS1	1	Gas1	
HCLS1	1	Hcls1	
ANGPTL4	1	Angptl4	
GAS6	1	Gas6	
GAS5	1	Gas5	
PLCB2	1	Plcb2	
IVL	1	Ivl	
GAS7	1	Gas7	
HBEGF	1	Hbegf	
WDR27	1	Wdr27	
CCL11	1	Ccl11	
GRP	1	Grp	
RPL10	1	Rpl10	
NDUFA4L2	1	Ndufa4l2	
MICOS10-NBL1	1	Nbl1	
SBSN	1	Sbsn	
ASCL2	1	Ascl2	
TMEM163	1	Tmem163	
FGD2	1	Fgd2	
NSD3	1	Nsd3	
GPNMB	1	Gpnmb	
EPCAM	1	Epcam	
OLFML3	1	Olfml3	
ABI3BP	1	Abi3bp	
RPL14	1	Rpl14	
RPS3	1	Rps3	
RPL13	2	Rpl13:Gm15710	
LINC-PINT	1	Lncpint	
RPS2	1	Rps2	
MBNL3	1	Mbnl3	
RPL18	1	Rpl18	
RPRM	1	Rprm	
ZNF101	1	Zfp976	
AOC1	2	Doxl2:1600015I10Rik	
CCL23	2	Ccl9:Ccl6	
CDKN2B	1	Cdkn2b	
CCL20	1	Ccl20	
CDKN2A	1	Cdkn2a	
SEPTIN2	1	Septin2	
AGL	1	Agl	
PCGF2	1	Pcgf2	
ECEL1	1	Ecel1	
ELP1	1	Elp1	
RFLNB	1	Fam101b	
LAPTM5	1	Laptm5	
G0S2	1	G0s2	
SEPTIN6	1	Septin6	
SEPTIN3	1	Septin3	
SYNJ2BP	1	Gm20498	
USP17L2	1	Usp17la	
TUBB4A	1	Tubb4a	
AGT	1	Agt	
DHRS3	1	Dhrs3	
SMOC2	1	Smoc2	
FAM236D	1	Gm9112	
TMEM158	1	Tmem158	
NFIA	1	Nfia	
IGLL1	1	Igll1	
PLP1	1	Plp1	
ZYX	1	Zyx	
FOSB	1	Fosb	
NOTUM	1	Notum	
FMOD	1	Fmod	
SLC28A2	1	Slc28a2	
CEP43	1	Cep43	
EEF1AKMT2	1	Eef1akmt2	
SCRG1	1	Scrg1	
HSPA1A	1	Hspa1a	
PF4	1	Pf4	
RAB3B	1	Rab3b	
CSF3	1	Csf3	
RAB3A	1	Rab3a	
CSF1	1	Csf1	
EPO	1	Epo	
PRORP	1	Prorp	
TNC	1	Tnc	
CRYAA2	1	Cryaa	
TMEM131L	1	Tmem131l	
SERTM2	1	A730046J19Rik	
CLU	1	Clu	
LAMP5	1	Lamp5	
PYCARD	1	Pycard	
CDH5	1	Cdh5	
FGF7	1	Fgf7	
IGHG1	1	Ighg2b	
FGF8	1	Fgf8	
HMGN5	1	Hmgn5	
CDH1	1	Cdh1	
MPC1	1	Mpc1	
TUBB3	1	Tubb3	
PHLDA2	1	Phlda2	
PHLDA1	1	Phlda1	
TMSB10	1	Tmsb10	
GTF2I	1	Gtf2i	
RPS9	1	Rps9	
NKX6-2	1	Nkx6-2	
SNRPN	1	Snrpn	
IGFBP5	1	Igfbp5	
RPS8	2	Rps8:Gm15501	
IGFBP4	1	Igfbp4	
IGFBP3	1	Igfbp3	
RPS5	1	Rps5	
TPM2	1	Tpm2	
IGFBP2	1	Igfbp2	
TPM1	1	Tpm1	
TAP1	1	Tap1	
TLE5	1	Tle5	
CLEC4A	2	Clec4a1:Clec4a2	
LBHD1	1	Lbhd1	
CLEC4D	1	Clec4d	
MALAT1	1	Malat1	
ERG	1	Erg	
XIST	1	Xist	
FKBP6	1	Fkbp6	
CSF1R	1	Csf1r	
CEMIP	1	Cemip	
DRC7	1	Drc7	
ZNF791	1	Zfp791	
MINDY4	1	Mindy4	
PARM1	1	Parm1	
AEBP1	1	Aebp1	
RASAL3	1	Rasal3	
MACROH2A1	1	Macroh2a1	
KNG1	1	Kng1	
STRA8	1	Stra8	
VTN	1	Vtn	
MUSTN1	1	Mustn1	
MAP3K20	1	Map3k20	
NDN	1	Ndn	
IGFBP7	1	Igfbp7	
IGFBP6	1	Igfbp6	
PLTP	1	Pltp	
ATP8B4	1	Atp8b4	
TMEM132E	1	Tmem132e	
NSG1	1	Nsg1	
BTBD9	1	Btbd9	
PLET1	1	Plet1	
GFAP	1	Gfap	
CDK8	1	Cdk8	
LHX2	1	Lhx2	
P4HA2	1	P4ha2	
CLEC6A	1	Clec4n	
ITGA11	1	Itga11	
GPR101	1	Gpr101	
SERINC3	1	Serinc3	
XAF1	1	Xaf1	
COPS9	1	Cops9	
SERINC4	1	Serinc4	
ANKRD33B	1	Ankrd33b	
PSCA	1	Psca	
CALCOCO2	1	Calcoco2	
MCM8	1	Mcm8	
TREM2	1	Trem2	
LSP1	1	Lsp1	
TRH	1	Trh	
CPZ	1	Cpz	
H1-10	1	H1fx	
ADAMTS5	1	Adamts5	
THBD	1	Thbd	
DNMT3L	1	Dnmt3l	
SIN3B	1	Sin3b	
ADAMTS1	1	Adamts1	
EMILIN1	1	Emilin1	
LBP	1	Lbp	
CLEC1B	1	Clec1b	
GPX2	1	Gpx2	
SLC13A4	1	Slc13a4	
GPX4	1	Gpx4	
UGT1A1	1	Ugt1a1	
GPX3	1	Gpx3	
GPX6	1	Gpx6	
AVPR2	1	ND1	
TRPC2	1	Trpc2	
APOA1	1	Apoa1	
RPL13A	1	Rpl13a	
C1QL4	1	C1ql4	
DUSP26	1	Dusp26	
ASPN	1	Aspn	
INMT	1	Inmt	
C1QL1	1	C1ql1	
PTP4A1	1	Ptp4a1	
LCK	1	Lck	
MEP1A	1	Mep1a	
NOA1	1	Noa1	
TNMD	1	Tnmd	
RPL37A	1	Gm4149	
TRAF5	1	Traf5	
CRH	1	Crh	
C4orf48	1	Gm1673	
ASPA	1	Aspa	
METTL26	1	Mettl26	
SMPDL3A	1	Smpdl3a	
CX3CR1	1	Cx3cr1	
CEBPB	1	Cebpb	
AMBRA1	1	Ambra1	
TULP1	1	Tulp1	
VXN	1	3110035E14Rik	
THSD1	1	Thsd1	
COCH	1	Coch	
DCAF15	1	Dcaf15	
CLEC3B	1	Clec3b	
DCAF17	1	Dcaf17	
TTR	1	Ttr	
DNAJB5	1	Dnajb5	
HECTD4	1	Hectd4	
IL21R	1	Il21r	
CEACAM21	2	Ceacam9:Ceacam15	
UGT1A4	1	Ugt1a5	
UGT1A3	1	Ugt1a2	
MEST	1	Mest	
UGT1A8	2	Ugt1a8:Ugt1a9	
C1orf105	1	4930558K02Rik	
UGT1A7	1	Ugt1a10	
UGT1A6	2	Ugt1a6b:Ugt1a6a	
PTPN18	1	Ptpn18	
CMA1	1	Cma1	
KLF2	1	Klf2	
FAM25BP	1	Fam25c	
MFAP5	1	Mfap5	
MAB21L4	1	2310007B03Rik	
MFAP4	1	Mfap4	
P2RX4	1	P2rx4	
CTH	1	Cth	
APOC1	1	Apoc1	
TAFA1	1	Fam19a1	
MFAP2	1	Mfap2	
SYCP3	1	1700013H16Rik	
CBLN4	1	Cbln4	
CDO1	1	Cdo1	
EVI2B	2	Evi2:Evi2b	
FOLR1	1	Folr1	
CBLN2	1	Cbln2	
TPT1	1	Tpt1	
IFITM3	1	Ifitm3	
DYNC2I1	1	Dync2i1	
IFI27L2	1	Ifi27l2a	
IFITM1	1	Ifitm1	
IL1RN	1	Il1rn	
IFITM2	1	Ifitm2	
SPARC	1	Sparc	
FAM89A	1	Fam89a	
AQP8	1	Aqp8	
AQP9	1	Aqp9	
MLC1	1	Mlc1	
AQP4	1	Aqp4	
CSN3	1	Csn3	
AQP5	1	Aqp5	
AQP3	1	Aqp3	
IFIT3	1	Ifit3	
AQP1	1	Aqp1	
RPS14	1	Rps14	
EDNRB	1	Ednrb	
RPL18A	1	Rpl18a	
RPS19	1	Rps19	
RPS18	1	Rps18	
FTH1	1	Fth1	
PCLAF	1	Pclaf	
TBC1D10C	1	Tbc1d10c	
CIAO2A	1	Ciao2a	
CIAO2B	1	Ciao2b	
PTGDS	1	Ptgds	
B2M	1	B2m	
GLUL	1	Glul	
SOX4	1	Sox4	
RPS12	1	Rps12	
KRT4	1	Krt4	
SLC6A16	1	Slc6a16	
SP110	1	Sp110	
KRT1	1	Krt1	
EBF1	1	Ebf1	
HLA-B	1	H2-D1	
KRT8	1	Krt8	
KRT7	1	Krt7	
HLA-A	1	H2-K1	
KRT5	1	Krt5	
P3H3	1	P3h3	
WFDC21P	1	Wfdc21	
RUBCNL	1	Rubcnl	
COL8A1	1	Col8a1	
PFN1	1	Pfn1	
PLPP1	1	Plpp1	
PTGES	1	Ptges	
BEX3	1	Ngfrap1	
BEX2	1	Bex1	
BEX1	1	Bex2	
KLK1	1	Klk1	
MTARC2	1	Mtarc2	
MGST3	1	Mgst3	
STXBP1	1	Stxbp1	
TSHZ2	1	Tshz2	
MGST1	1	Mgst1	
KLK4	1	Klk4	
MGST2	1	Mgst2	
STC1	1	Stc1	
KLK8	1	Klk8	
GMCL1	1	Gmcl1	
KLK7	1	Klk7	
CD79B	1	Cd79b	
CD79A	1	Cd79a	
NHLH2	1	Nhlh2	
GNG10	1	Gng10	
PRAMEF13	2	Gm13119:BC080695	
INPP5D	1	Inpp5d	
VPS8	1	Vps8	
MAP7	1	Map7	
FAM180A	1	Fam180a	
MYL10	1	Myl10	
SPRR2A	1	Sprr2d	
GPM6B	1	Gpm6b	
RPL39L	1	Rpl39l	
PINLYP	1	Pinlyp	
GADD45B	1	Gadd45b	
GADD45A	1	Gadd45a	
PDE2A	1	Pde2a	
SS18L2	1	Ss18l2	
RAB39A	1	Rab39	
SNHG8	1	Snhg8	
GDF3	1	Gdf3	
GNG11	1	Gng11	
GADD45G	1	Gadd45g	
SNHG3	1	Snhg3	
CCT6A	1	Cct6a	
RPS28	1	Rps28	
RPS27	1	Rps27	
VNN1	1	Vnn1	
RPS29	2	Rps29:Gm14303	
KLHDC8A	1	Klhdc8a	
FLACC1	1	Flacc1	
DMRTC2	1	Dmrtc2	
MAGED2	1	Maged2	
RPS20	1	Rps20	
ITM2A	1	Itm2a	
SPRR1A	1	Sprr1a	
TDGF1	1	Tdgf1	
TECPR2	1	Tecpr2	
ITM2B	1	Itm2b	
ATR	1	Atr	
ITM2C	1	Itm2c	
RPS23	2	Rps23-ps1:Rps23	
SLC22A9	1	Slc22a27	
H2AX	1	H2ax	
TOP2A	1	Top2a	
COL18A1	1	Col18a1	
H2AW	1	H2aw	
ZCCHC12	1	Zcchc12	
CLIC3	1	Clic3	
CITED1	1	Cited1	
CITED2	1	Cited2	
ZFAS1	1	Zfas1	
KRT23	1	Krt23	
HBD	1	Hbb-bt	
PRL	14	Prl6a1:Prl7b1:Prl7a1:Prl2a1:Prl3b1:Prl2c5:Prl4a1:Prl7d1:Prl5a1:Prl7c1:Prl2c1:Prl2b1:Prl3d2:Prl8a9	
FMR1NB	1	Fmr1nb	
RYR3	1	Ryr3	
ESM1	1	Esm1	
GLIPR1	1	Glipr1	
SLC22A14	1	Slc22a14	
UCHL1	1	Uchl1	
SIPA1L1	1	Sipa1l1	
SLC22A18	1	Slc22a18	
CLDN23	1	Cldn23	
DNER	1	Dner	
PRX	1	Prx	
STAB1	1	Stab1	
ANKRD1	1	Ankrd1	
SOSTDC1	1	Sostdc1	
EDN2	1	Edn2	
RHOH	1	Rhoh	
GFRA1	1	Gfra1	
GFRA3	1	Gfra3	
RENBP	1	Renbp	
VAV1	1	Vav1	
CLDN11	1	Cldn11	
TLR1	1	Tlr1	
H2AJ	1	H2aj	
TNNT1	1	Tnnt1	
CEACAM4	3	Psg18:Psg29:Psg22	
TNNT3	1	Tnnt3	
FIBIN	1	Fibin	
FAM181B	1	Fam181b	
RDH5	1	Rdh5	
ALDOC	1	Aldoc	
AVP	1	Avp	
MAPT	1	Mapt	
ALDOA	1	Aldoa	
SGK1	1	Sgk1	
VGLL2	1	Vgll2	
MATN4	1	Matn4	
C1QB	1	C1qb	
C1QA	1	C1qa	
ADH1B	1	Adh1	
CXCR5	1	Cxcr5	
NPL	1	Npl	
PTN	1	Ptn	
AIF1	1	Aif1	
CST6	1	Cst6	
NKD1	1	Nkd1	
ARNTL	1	Arntl	
PBLD	1	Pbld2	
CST3	1	Cst3	
NPY	1	Npy	
MTCO2P12	1	mt-Co2	
JHY	1	Jhy	
SPTSSB	1	Sptssb	
LY6G6C	1	Ly6g6c	
LY6G6F	1	Ly6g6f	
RTRAF	1	Rtraf	
GABRP	1	Gabrp	
RANBP1	1	Ranbp1	
ATP5PB	1	Atp5pb	
GDF15	1	Gdf15	
PCP4L1	1	Pcp4l1	
LSAMP	1	Lsamp	
MPP5	1	Pals1	
PDZK1IP1	1	Pdzk1ip1	
LILRB4	1	Lilrb4a	
LYVE1	1	Lyve1	
LILRB5	1	Pirb	
SLURP1	1	Slurp1	
KRT19	1	Krt19	
TPPP3	1	Tppp3	
KRT18	1	Krt18	
KRT17	1	Krt17	
KRT16	1	Krt16	
MT-RNR2	1	mt-Rnr2	
GHRH	1	Ghrh	
KRT15	1	Krt15	
MT-RNR1	1	mt-Rnr1	
GSTA1	1	Gsta4	
KRT14	1	Krt14	
FAS	1	Fas	
B9D2	1	B9d2	
FAU	1	Gm9843	
NEUROG1	1	Neurog1	
NEUROG2	1	Neurog2	
C1QC	1	C1qc	
FCGBP	1	9530053A07Rik	
FCMR	1	Fcmr	
STEAP4	1	Steap4	
CCL4L2	1	Ccl4	
NRK	1	Nrk	
ESPN	1	Espn	
TMEM140	1	Tmem140	
ARHGAP36	1	Arhgap36	
COMP	1	Comp	
HOXA10	1	Hoxa10	
PAIP2B	1	Paip2b	
FAM162B	1	Fam162b	
BASP1	1	Basp1	
SIT1	1	Sit1	
ARHGDIB	1	Arhgdib	
NARS2	1	Nars2	
COTL1	1	Cotl1	
KRT6A	1	Krt6a	
LMO1	1	Lmo1	
POSTN	1	Postn	
LMO4	1	Lmo4	
APLP2	1	Aplp2	
H2AC4	1	H2ac7	
APLP1	1	Aplp1	
PAM16	1	Gm9803	
SHISA4	1	Shisa4	
STIMATE	1	Stimate	
SHISA3	1	Shisa3	
ATP1B1	1	Atp1b1	
SHISA8	1	Shisa8	
MPEG1	1	Mpeg1	
ARHGAP45	1	Arhgap45	
DPM1	1	Gm20716	
SELENOO	1	Selenoo	
SGO1	1	Sgo1	
ALDH3A1	1	Aldh3a1	
COL4A2	1	Col4a2	
LOX	1	Lox	
SELENOS	1	Selenos	
COL4A1	1	Col4a1	
COL4A3	1	Col4a3	
SELENOP	2	Selenop:Sepp1	
SCG5	1	Scg5	
CD300C	1	AF251705	
NUPR1	1	Nupr1	
SELENOT	1	Selenot	
SCG2	1	Scg2	
ATP5MD	1	Atp5md	
PMEL	1	Pmel	
CHRNA3	1	Chrna3	
AKNA	1	Akna	
IDI2	1	Idi2	
NTM	1	Ntm	
LPL	1	Lpl	
CSF2RB	2	Csf2rb2:Csf2rb	
FBLN1	1	Fbln1	
LTBP2	1	Ltbp2	
NID1	1	Nid1	
NTS	1	Nts	
CPLX1	1	Cplx1	
FBLN2	1	Fbln2	
FBLN5	1	Fbln5	
PCSK1N	1	Pcsk1n	
NLRP4	1	Nlrp4e	
MYH11	1	Myh11	
RPRD1A	1	Rprd1a	
POU2F1	1	Pou2f1	
PSAPL1	1	Psapl1	
CBX3	1	Cbx3	
TGFB3	1	Tgfb3	
TRPV2	1	Trpv2	
ARHGAP25	1	Arhgap25	
ESR1	1	Esr1	
LRP1B	1	Lrp1b	
NFKBIA	1	Nfkbia	
SEM1	1	Sem1	
PYY	1	Pyy	
DLG1	1	Dlg1	
SYNDIG1L	1	Syndig1l	
TLX3	1	Tlx3	
BAMBI	1	Bambi	
TLX2	1	Tlx2	
TMEM119	1	Tmem119	
ZSCAN4	1	Zscan4d	
TGFBI	1	Tgfbi	
FGFR2	1	Fgfr2	
LRP11	1	Lrp11	
CXCL6	1	Cxcl5	
EOLA1	1	Eola1	
LRRC74B	1	Lrrc74b	
ELAVL4	1	Elavl4	
SLC2A1	1	Slc2a1	
SLC40A1	1	Slc40a1	
HSPB1	1	Hspb1	
CXCL1	1	Cxcl3	
SLC2A3	1	Slc2a3	
YBX1	1	Ybx1	
CXCL3	1	Cxcl2	
CXCL2	1	Cxcl1	
ELAVL2	1	Elavl2	
ELAVL3	1	Elavl3	
RBM3	1	Rbm3	
RPS4X	1	Rps4x	
UPK1B	1	Upk1b	
DBP	1	Dbp	
HEPH	1	Heph	
BLNK	1	Blnk	
FGB	1	Fgb	
SRGN	1	Srgn	
C15orf48	1	AA467197	
PTGIR	1	Ptgir	
CAMK1D	1	Camk1d	
EGFL6	1	Egfl6	
PTGIS	1	Ptgis	
PDE4D	1	Pde4d	
SPATS1	1	Spats1	
MARS1	1	Mars1	
PDE4C	1	Pde4c	
PLAUR	1	Plaur	
RPS3A	2	Rps3a1:Rps3a2	
OPRM1	1	Oprm1	
UPK3B	1	Upk3b	
UTF1	1	Utf1	
DCN	1	Dcn	
GAP43	1	Gap43	
HSH2D	1	Hsh2d	
PEAK1	1	Peak1	
COL6A2	1	Col6a2	
COL6A1	1	Col6a1	
DCX	1	Dcx	
IFNK	1	Ifnk	
COL6A3	1	Col6a3	
TERF2IP	1	Terf2ip	
COL6A6	1	Col6a6	
USP40	1	Usp40	
LTB	1	Ltb	
CAMK1G	1	Camk1g	
PAPPA2	1	Pappa2	
RBMS3	1	Rbms3	
SASH3	1	Sash3	
DDC	1	Ddc	
CLEC12A	1	Clec12a	
HPGD	1	Hpgd	
NRXN1	1	Nrxn1	
RGS16	1	Rgs16	
NRXN2	1	Nrxn2	
SELENOF	1	Selenof	
PRELP	1	Prelp	
LTC4S	1	Ltc4s	
SELENOK	1	Selenok	
TFPI	1	Tfpi	
THBS2	1	Thbs2	
THBS1	1	Thbs1	
USP18	1	Usp18	
NCALD	1	Ncald	
THBS4	1	Thbs4	
DLL3	1	Dll3	
SELENOH	1	Selenoh	
GNA14	1	Gna14	
IGFBPL1	1	Igfbpl1	
NT5DC3	1	Nt5dc3	
SNCG	1	Sncg	
NCAM1	1	Ncam1	
GBP2	1	Gbp2	
S1PR4	1	S1pr4	
HES5	1	Hes5	
SNCA	1	Snca	
PTCD1	1	Ptcd1	
NEGR1	1	Negr1	
NOS2	1	Nos2	
LUM	1	Lum	
PANTR1	1	Pantr1	
MEIS2	1	Meis2	
DLK1	1	Dlk1	
POMC	1	Pomc	
PDE10A	1	Pde10a	
KANSL2	1	Kansl2	
ALOX5AP	1	Alox5ap	
PMP22	1	Pmp22	
ATP13A5	1	Atp13a5	
SPRY2	1	Spry2	
