NAME	ORIGINAL SIZE	AFTER RESTRICTING TO DATASET	STATUS	
MIR153_5P	1070	67		
MIR8485	1034	69		
MIR3662	966	63		
MIR607	981	72		
MIR616_5P	961	48		
MIR371B_5P	959	47		
MIR373_5P	956	48		
MIR6867_5P	884	75		
MIR12136	1003	63		
MIR548AJ_3P_MIR548X_3P	913	50		
MIR3646	865	62		
MIR1277_5P	901	65		
MIR651_3P	814	62		
MIR335_3P	883	66		
MIR520D_5P	939	78		
MIR524_5P	941	78		
MIR548AE_3P_MIR548AQ_3P	786	43		
MIR548AH_3P_MIR548AM_3P	783	43		
MIR548J_3P	783	43		
MIR3658	819	54		
MIR570_3P	770	39		
MIR5688	788	65		
MIR4795_3P	729	69		
MIR548E_5P	745	58		
MIR5696	704	46		
MIR340_5P	791	59		
LET_7A_3P	723	54		
MIR4262	769	42		
MIR30B_5P_MIR30C_5P	785	47		
MIR30D_5P	781	48		
MIR30E_5P	781	48		
MIR98_3P	725	54		
MIR30A_5P	780	48		
LET_7F_1_3P	721	54		
LET_7B_3P	721	54		
MIR495_3P	706	58		
MIR5582_3P	674	38		
MIR4729	717	47		
MIR4659A_3P_MIR4659B_3P	680	59		
MIR7_1_3P	654	59		
MIR7_2_3P	652	59		
MIR3671	640	48		
MIR4698	643	39		
MIR95_5P	672	46		
MIR1468_3P	644	38		
MIR548N	617	34		
MIR4328	579	34		
MIR548D_3P	611	29		
MIR548H_3P_MIR548Z	611	28		
MIR302C_5P	579	38		
MIR548BB_3P	605	28		
MIR548AC	610	28		
MIR548P	600	40		
MIR23A_3P_MIR23B_3P	592	38		
MIR23C	594	39		
MIR6809_3P	558	39		
MIR559	557	39		
MIR3121_3P	646	44		
MIR1297	626	34		
MIR548AR_3P	574	25		
MIR10527_5P	592	34		
MIR3529_3P	547	37		
MIR4728_5P	570	47		
MIR19A_3P	649	39		
MIR548AW	601	36		
MIR106B_5P	680	37		
MIR19B_3P	651	39		
MIR548AA_MIR548AP_3P_MIR548T_3P	548	30		
MIR20A_5P	671	37		
MIR9983_3P	466	43		
MIR506_3P	748	34		
MIR579_3P	509	31		
MIR124_3P	746	34		
MIR3680_3P	536	27		
MIR664B_3P	503	30		
MIR186_5P	567	36		
MIR181A_5P_MIR181B_5P	600	36		
MIR181D_5P	599	36		
MIR181C_5P	601	36		
MIR4719	526	29		
MIR4753_3P	559	45		
MIR4666A_3P	547	33		
MIR126_5P	465	52		
MIR548Y	505	34		
MIR4668_5P	473	32		
MIR551B_5P	507	49		
MIR548BB_5P	499	34		
MIR548AR_5P	502	35		
LET_7C_3P	577	39		
MIR548AD_5P_MIR548AE_5P_MIR548AY_5P_MIR548B_5P_MIR548D_5P	497	34		
MIR548AK_MIR548AM_5P_MIR548C_5P_MIR548H_5P_MIR548O_5P_MIR548AU_5P	496	34		
MIR548O_5P_MIR548W	496	34		
MIR144_3P	495	35		
MIR548AB	496	34		
MIR548AS_5P	494	34		
MIR1250_3P	504	33		
MIR548A_5P	496	33		
MIR548AQ_5P	498	34		
MIR513A_3P_MIR513C_3P	449	28		
MIR548I	494	33		
MIR548AP_5P_MIR548J_5P	494	33		
MIR4482_3P	480	34		
MIR106A_5P	642	33		
MIR6785_5P	514	42		
MIR17_5P	625	30		
MIR561_3P	497	32		
MIR627_3P	470	34		
MIR429	511	31		
MIR182_5P	569	35		
MIR1305	514	33		
MIR20B_5P	616	30		
MIR27A_3P_MIR27B_3P	623	67		
MIR93_5P	615	30		
MIR526B_3P	610	31		
MIR519D_3P	612	30		
MIR9985	623	67		
MIR3133	515	35		
MIR450B_5P	485	36		
MIR548F_3P	487	20		
MIR3143	465	32		
MIR4803	459	41		
MIR548BC	484	19		
MIR548AZ_3P	489	19		
MIR548A_3P	484	20		
MIR4306	474	34		
MIR15A_5P	582	36		
MIR4495	483	32		
MIR548E_3P	484	19		
MIR195_5P	581	35		
MIR15B_5P	579	36		
MIR200B_3P	502	31		
MIR16_5P	579	35		
MIR200C_3P	501	31		
MIR3065_5P	466	24		
MIR137_3P	531	31		
MIR12123	502	33		
MIR1283	477	33		
MIR338_5P	478	35		
MIR3688_3P	416	30		
MIR4422	447	25		
MIR300	449	35		
MIR4261	441	37		
MIR101_3P	459	33		
MIR381_3P	449	35		
MIR655_3P	423	25		
MIR374C_5P	422	25		
MIR4307	436	30		
MIR656_3P	404	26		
MIR5680	469	35		
MIR129_5P	372	33		
MIR6124	450	33		
MIR7110_3P	403	26		
MIR548F_5P	485	29		
MIR548AJ_5P_MIR548G_5P_MIR548X_5P	485	30		
MIR494_3P	381	21		
MIR196A_1_3P	404	32		
MIR32_5P	476	36		
MIR33A_3P	432	40		
MIR6838_5P	533	33		
MIR92A_3P	476	36		
MIR8068	401	37		
MIR374A_5P	435	41		
MIR92B_3P	473	36		
MIR3606_3P	363	26		
MIR944	424	30		
MIR6833_3P	405	27		
MIR6825_5P	416	31		
MIR26A_5P	492	29		
MIR149_3P	435	39		
MIR26B_5P	492	29		
MIR424_5P	519	30		
MIR497_5P	519	30		
MIR6885_3P	408	36		
MIR548AZ_5P	427	27		
MIR548T_5P	423	27		
MIR5692B_MIR5692C	408	29		
MIR4672	364	21		
MIR205_3P	412	28		
MIR4500	519	37		
MIR6835_3P	451	31		
MIR493_5P	463	29		
MIR141_3P	398	32		
MIR200A_3P	395	31		
MIR4531	334	21		
MIR466	414	22		
MIR7159_5P	373	19		
MIR6875_3P	397	32		
MIR664A_3P	416	23		
MIR545_3P	380	34		
MIR4492	416	29		
MIR4311	372	31		
MIR539_5P	388	24		
MIR6873_3P	382	30		
MIR6883_5P	407	40		
MIR7856_5P	408	20		
MIR4699_3P	488	32		
MIR9_5P	483	36		
MIR4251	400	22		
MIR4799_5P	406	16		
MIR302E	477	29		
MIR128_3P	451	30		
MIR4755_5P	365	34		
MIR510_3P	375	31		
MIR216A_3P	452	30		
MIR367_3P	425	32		
MIR363_3P	424	32		
MIR4789_3P	343	19		
MIR582_5P	365	29		
MIR454_3P	433	22		
MIR5006_3P	366	34		
MIR25_3P	419	32		
MIR548AT_5P	355	20		
MIR1185_1_3P_MIR1185_2_3P	409	32		
MIR203A_3P	372	29		
MIR576_5P	348	19		
MIR30D_3P	391	33		
MIR204_5P	378	26		
MIR211_5P	377	26		
MIR548AN	485	31		
MIR4789_5P	382	23		
MIR587	364	28		
MIR96_5P	454	29		
MIR548L	366	27		
MIR30E_3P	389	31		
MIR30A_3P	388	31		
MIR1827	391	24		
MIR1252_5P	328	17		
LET_7F_2_3P	402	30		
MIR8063	405	27		
MIR6507_5P	343	26		
MIR4477A	390	25		
MIR3924	340	24		
MIR4465	426	22		
MIR4652_3P	331	26		
MIR3941	343	21		
MIR374B_5P	375	34		
MIR4291	380	23		
MIR6504_3P	372	27		
MIR130A_3P	401	20		
MIR5590_3P	355	26		
MIR3714	434	15		
MIR142_5P	354	26		
MIR4533	338	25		
MIR130A_5P	340	30		
MIR3119	373	34		
MIR130B_3P	404	20		
MIR7106_5P	359	21		
MIR3120_3P	346	18		
MIR4295	399	20		
MIR4694_3P	310	22		
MIR3059_5P	306	28		
MIR301A_3P	397	20		
MIR301B_3P	396	20		
MIR6721_5P	340	28		
MIR4768_5P	326	20		
MIR10399_5P	359	26		
MIR3910	403	23		
MIR3666	398	21		
MIR4516	321	18		
MIR6508_5P	346	22		
MIR448	364	15		
MIR1299	335	23		
MIR6844	346	28		
MIR1207_5P	331	16		
MIR147B_5P	323	31		
MIR3686	331	23		
MIR511_5P	323	31		
MIR4319	436	18		
MIR218_5P	432	35		
MIR3942_3P	341	21		
MIR1323	321	15		
MIR410_3P	333	21		
MIR29B_3P_MIR29C_3P	434	40		
MIR29A_3P	434	40		
MIR369_3P	301	15		
MIR1271_5P	391	27		
MIR3609	352	29		
MIR206	378	27		
MIR519C_3P	404	23		
MIR4760_3P	279	19		
MIR12133	388	27		
MIR519A_3P_MIR519B_3P	403	23		
MIR148A_3P	340	29		
MIR1_3P	374	27		
MIR513A_5P	369	27		
MIR152_3P	339	29		
MIR148B_3P	338	29		
MIR4446_5P	304	26		
MIR9_3P	348	22		
MIR3681_3P	391	27		
MIR5010_3P	312	24		
MIR548AH_5P	350	29		
MIR5700	304	25		
MIR4503	281	27		
MIR5584_5P	265	16		
MIR875_3P	311	35		
MIR6780B_5P	284		Rejected!	
MIR545_5P	312	16		
MIR4725_3P	284		Rejected!	
MIR4447	289	21		
MIR1252_3P	313	27		
MIR519E_5P	308	16		
MIR330_3P	341	22		
MIR548AV_5P_MIR548K	307	16		
MIR4310	287	16		
MIR3692_3P	299	18		
MIR12124	332		Rejected!	
MIR3919	305	16		
MIR4766_5P	323	17		
MIR515_5P	304	17		
MIR8054	307	16		
MIR4668_3P	303	18		
MIR543	332	21		
MIR670_3P	296	16		
MIR4762_3P	279	18		
LET_7B_5P	403	27		
MIR577	337	15		
LET_7A_5P_LET_7C_5P_LET_7E_5P	401	27		
LET_7I_5P	404	27		
LET_7F_5P	403	27		
LET_7G_5P	403	27		
MIR98_5P	403	27		
MIR6868_3P	271	28		
MIR4441	296	19		
MIR208B_5P	259	17		
MIR8067	287		Rejected!	
MIR5003_3P	332	22		
MIR1275	287	21		
MIR5196_5P	289	23		
MIR208A_5P	255	17		
MIR3180_5P	307	16		
MIR892C_5P	293	22		
MIR586	274	20		
MIR513B_5P	292	26		
MIR4644	302	22		
MIR548O_3P	281		Rejected!	
MIR1290	265	23		
MIR5582_5P	390	18		
MIR32_3P	341	20		
MIR153_3P	329		Rejected!	
MIR185_5P	294	22		
MIR4263	263		Rejected!	
MIR1200	333	16		
MIR889_3P	245		Rejected!	
MIR34A_5P	309	17		
MIR6074	275	24		
MIR449A	306	17		
MIR6739_5P	279	18		
MIR6083	259	22		
MIR3619_5P	274		Rejected!	
MIR380_3P	230		Rejected!	
MIR613	321	25		
MIR195_3P	234	20		
MIR16_2_3P	233	20		
MIR6733_5P	276	19		
MIR4747_5P	278	23		
MIR7151_3P	274	23		
MIR302A_3P_MIR302B_3P_MIR302C_3P_MIR302D_3P	353	25		
MIR4677_5P	257	19		
MIR548AS_3P	261		Rejected!	
MIR4505	255	19		
MIR7154_5P	267	16		
MIR5195_3P	311	28		
MIR3617_5P	260	21		
MIR3202	250	16		
MIR9902	288	23		
MIR641	259	21		
MIR4458	356	26		
MIR3973	262		Rejected!	
LET_7A_2_3P	287	17		
MIR105_5P	221		Rejected!	
MIR4477B	265	19		
MIR5580_3P	248	17		
MIR320A_3P_MIR320B_MIR320C_MIR320D	310	15		
LET_7D_5P	353	25		
MIR7152_5P	251	16		
MIR145_5P	306	27		
MIR4429	309	15		
MIR4801	273	16		
LET_7G_3P	287	17		
MIR7853_5P	222	15		
MIR4528	218		Rejected!	
MIR2115_3P	236		Rejected!	
MIR3145_3P	232	23		
MIR507	264	22		
MIR3125	238	16		
MIR4276	275	16		
MIR4496	289	36		
MIR372_5P	243		Rejected!	
MIR7159_3P	226	22		
MIR5787	249	19		
MIR888_5P	233	16		
MIR497_3P	233	15		
MIR1284	235	18		
MIR4680_3P	258		Rejected!	
MIR4778_3P	254	23		
MIR580_5P	238		Rejected!	
MIR765	288	26		
MIR6756_5P	255	28		
MIR568	267	17		
MIR135A_5P	303	18		
MIR3978	253	23		
MIR24_3P	283		Rejected!	
MIR589_3P	256	15		
MIR520A_3P	331	24		
MIR372_3P	331	24		
MIR4303	226		Rejected!	
MIR520D_3P	330	24		
MIR3182	260	20		
MIR4427	240	19		
MIR4325	266	16		
MIR548G_3P	238	15		
MIR520B_3P_MIR520C_3P_MIR520E_3P	328	23		
MIR2052	242	19		
MIR3123	261	18		
MIR135B_5P	302	18		
MIR5002_5P	261	22		
MIR7_5P	269	17		
MIR518A_5P_MIR527	262	19		
MIR5093	244	20		
MIR519D_5P	239	18		
MIR4666A_5P	251		Rejected!	
MIR373_3P	321	24		
MIR4731_5P	256	19		
MIR4763_3P	247		Rejected!	
MIR377_3P	238		Rejected!	
MIR5683	241		Rejected!	
MIR4723_5P	209	18		
MIR12135	194		Rejected!	
MIR125B_5P	320		Rejected!	
MIR125A_5P	322		Rejected!	
MIR3916	219		Rejected!	
MIR6870_5P	215	16		
MIR6832_3P	252	19		
MIR6766_5P	237	26		
MIR2113	262	15		
MIR10522_5P	246		Rejected!	
MIR520F_5P	197		Rejected!	
MIR3140_3P	236		Rejected!	
MIR205_5P	224		Rejected!	
MIR214_3P	240		Rejected!	
MIR6878_5P	221		Rejected!	
MIR4524A_3P	232	22		
MIR4703_5P	246	22		
MIR6859_5P	206		Rejected!	
MIR7157_5P	213		Rejected!	
MIR323A_3P	218		Rejected!	
MIR498_5P	244		Rejected!	
MIR6077	239		Rejected!	
MIR4742_3P	218	15		
MIR659_3P	218	15		
MIR7111_5P	204	16		
MIR3915	219	20		
MIR539_3P	231	19		
MIR5698	201	16		
MIR6764_5P	236		Rejected!	
MIR4498	250	15		
MIR3124_3P	219		Rejected!	
MIR766_5P	226	19		
MIR6778_3P	222	18		
MIR485_3P	231	19		
MIR181B_2_3P_MIR181B_3P	215		Rejected!	
MIR10523_5P	242		Rejected!	
MIR6817_3P	224		Rejected!	
MIR519A_2_5P_MIR520B_5P	213		Rejected!	
MIR625_5P	210	20		
MIR670_5P	248	17		
MIR6780A_5P	233	16		
MIR761	225		Rejected!	
MIR6830_5P	192		Rejected!	
MIR4271	217		Rejected!	
MIR8085	236		Rejected!	
MIR557	225	20		
MIR6731_5P	235		Rejected!	
MIR8084	242		Rejected!	
MIR4470	250	15		
MIR4517	220		Rejected!	
MIR580_3P	216		Rejected!	
MIR4692	228		Rejected!	
MIR130B_5P	197	16		
MIR7977	225	20		
MIR3153	223		Rejected!	
MIR4743_3P	209		Rejected!	
MIR6516_5P	188	15		
MIR450A_1_3P	194		Rejected!	
MIR942_5P	215	16		
MIR29B_2_5P	218	15		
MIR452_5P	220		Rejected!	
MIR34C_5P	258		Rejected!	
MIR155_5P	233	18		
MIR4420	203		Rejected!	
MIR3160_5P	209	19		
MIR7160_5P	193	18		
MIR3185	211	15		
MIR4731_3P	228		Rejected!	
MIR4272	202		Rejected!	
MIR548M	186		Rejected!	
MIR6876_5P	229		Rejected!	
MIR4279	222		Rejected!	
MIR605_3P	257	18		
MIR1303	210		Rejected!	
MIR4760_5P	195	22		
MIR146A_3P	215		Rejected!	
MIR449B_5P	255		Rejected!	
MIR6783_3P	209	16		
MIR302F	191		Rejected!	
MIR92A_2_5P	217	17		
MIR488_3P	193		Rejected!	
MIR518C_5P	198	19		
MIR12131	175		Rejected!	
MIR298	185		Rejected!	
MIR4476	229		Rejected!	
MIR892C_3P	212		Rejected!	
MIR302B_5P	203		Rejected!	
MIR4267	228		Rejected!	
MIR6830_3P	203	18		
MIR6127	214	19		
MIR6515_3P	219	15		
MIR12122	215	16		
MIR5003_5P	198	22		
MIR544A	219		Rejected!	
MIR4676_3P	212		Rejected!	
MIR578	178	15		
MIR29A_5P	211		Rejected!	
MIR4324	266	17		
MIR4700_5P	216	17		
MIR302D_5P	198		Rejected!	
MIR133A_3P_MIR133B	243	15		
MIR212_3P	187		Rejected!	
MIR3685	185	15		
MIR548AV_3P	177		Rejected!	
MIR877_3P	198		Rejected!	
MIR4744	175	15		
MIR4524A_5P	240		Rejected!	
MIR4524B_5P	240		Rejected!	
MIR3942_5P	215	21		
MIR224_3P	183		Rejected!	
MIR6505_5P	201		Rejected!	
MIR183_5P	231		Rejected!	
MIR5703	173		Rejected!	
MIR302A_5P	192	18		
MIR6853_3P	209		Rejected!	
MIR552_5P	189		Rejected!	
MIR194_5P	197	19		
MIR6739_3P	194	15		
MIR132_3P	190		Rejected!	
MIR122B_5P	212	18		
MIR221_3P	177		Rejected!	
MIR608	210	17		
MIR4768_3P	196		Rejected!	
MIR4651	203	17		
MIR4773	194		Rejected!	
MIR379_3P_MIR411_3P	185		Rejected!	
MIR522_3P	181		Rejected!	
MIR7515	157	15		
MIR222_3P	174		Rejected!	
MIR202_3P	247	22		
MIR629_3P	183		Rejected!	
MIR1285_3P	158		Rejected!	
MIR2053	176		Rejected!	
MIR103A_3P_MIR107	253		Rejected!	
MIR4434	172		Rejected!	
MIR4283	209	21		
MIR217_5P	187		Rejected!	
MIR4297	183		Rejected!	
MIR16_1_3P	188		Rejected!	
MIR499A_5P	175		Rejected!	
MIR4796_3P	249	15		
MIR183_3P	200		Rejected!	
MIR636	226	17		
MIR139_5P	163	18		
MIR345_3P	215	18		
MIR4782_5P	163		Rejected!	
MIR12120	183		Rejected!	
MIR6129	198	15		
MIR5706	163		Rejected!	
MIR6133	197	15		
MIR20A_3P	189		Rejected!	
MIR7161_5P	192		Rejected!	
MIR4735_5P	187	20		
MIR4510	194	16		
MIR4643	215	19		
MIR6130	193	15		
MIR6722_3P	183		Rejected!	
MIR3065_3P	251	23		
MIR1276	179		Rejected!	
MIR4684_5P	181		Rejected!	
MIR6768_5P	198	17		
MIR361_5P	162		Rejected!	
MIR4742_5P	179		Rejected!	
MIR8065	149		Rejected!	
MIR1236_3P	197		Rejected!	
MIR4713_5P	154		Rejected!	
MIR5701	210	19		
MIR6797_5P	201	16		
MIR3679_3P	165		Rejected!	
MIR4778_5P	175		Rejected!	
MIR514B_5P	177		Rejected!	
MIR11181_3P	209	21		
MIR187_5P	168		Rejected!	
MIR4802_3P	166		Rejected!	
MIR520E_5P	165		Rejected!	
MIR6882_5P	169	20		
MIR8061	160	18		
MIR6881_3P	181	17		
MIR1249_5P	199	15		
MIR5197_5P	185		Rejected!	
MIR6852_5P	187	15		
MIR8066	153		Rejected!	
MIR1273H_5P	202	15		
MIR4534	161		Rejected!	
MIR10394_5P	177		Rejected!	
MIR2054	166		Rejected!	
MIR138_2_3P	170		Rejected!	
MIR7162_3P	218	15		
MIR4738_3P	181		Rejected!	
MIR6808_5P	181		Rejected!	
MIR513C_5P	174		Rejected!	
MIR6815_3P	204	15		
MIR4704_3P	149		Rejected!	
MIR7157_3P	196		Rejected!	
MIR6893_5P	182		Rejected!	
MIR3158_5P	170		Rejected!	
MIR6715B_5P	222		Rejected!	
MIR603	173		Rejected!	
MIR520G_3P_MIR520H	209		Rejected!	
MIR421	183		Rejected!	
MIR583	180		Rejected!	
MIR486_3P	169	15		
MIR6511A_5P	196		Rejected!	
MIR4671_3P	214		Rejected!	
MIR548AO_5P_MIR548AX	175		Rejected!	
MIR143_3P_MIR4770	204		Rejected!	
MIR6737_3P	195		Rejected!	
MIR4709_3P	165		Rejected!	
MIR297	150		Rejected!	
MIR940	182		Rejected!	
MIR7844_5P	159		Rejected!	
MIR2110	173		Rejected!	
MIR7110_5P	167		Rejected!	
MIR138_5P	210		Rejected!	
MIR4514	186		Rejected!	
MIR4270	179		Rejected!	
MIR4478	186		Rejected!	
MIR1208	137		Rejected!	
MIR5189_5P	146		Rejected!	
MIR5689	156		Rejected!	
MIR12119	185	15		
MIR150_5P	175		Rejected!	
MIR8087	141		Rejected!	
MIR1205	176		Rejected!	
MIR1915_3P	173		Rejected!	
MIR9500	160		Rejected!	
MIR3925_3P	167		Rejected!	
MIR4269	208		Rejected!	
MIR224_5P	180		Rejected!	
MIR1910_3P	186		Rejected!	
MIR4649_3P	201		Rejected!	
MIR4255	172		Rejected!	
MIR6128	169		Rejected!	
MIR544B	220	16		
MIR6770_5P	185		Rejected!	
MIR3064_3P	166		Rejected!	
MIR3926	174		Rejected!	
MIR4288	158	16		
MIR520F_3P	198	15		
MIR299_5P	148	16		
MIR6071	180	18		
MIR5197_3P	199		Rejected!	
MIR3175	175	17		
MIR499B_3P	168		Rejected!	
MIR646	247		Rejected!	
MIR548BA	170		Rejected!	
MIR548AI_MIR570_5P	172		Rejected!	
MIR6828_5P	172		Rejected!	
MIR499A_3P	166		Rejected!	
MIR676_5P	158		Rejected!	
MIR8070	135		Rejected!	
MIR1279	186	15		
MIR7113_5P	150		Rejected!	
MIR6779_5P	184		Rejected!	
MIR6842_5P	155		Rejected!	
MIR548AG	169		Rejected!	
MIR6887_3P	196	16		
MIR4275	156		Rejected!	
MIR2681_5P	161		Rejected!	
MIR1343_3P	163	15		
MIR5193	173		Rejected!	
MIR19A_5P	176		Rejected!	
MIR5682	219	23		
MIR7162_5P	178	15		
MIR5571_5P	158		Rejected!	
MIR19B_1_5P_MIR19B_2_5P	175		Rejected!	
MIR4443	181	15		
MIR511_3P	170		Rejected!	
MIR330_5P	184		Rejected!	
MIR5589_3P	170		Rejected!	
MIR5581_3P	148		Rejected!	
MIR501_5P	152		Rejected!	
MIR516A_3P_MIR516B_3P	176	15		
MIR2467_3P	158		Rejected!	
MIR3977	161		Rejected!	
MIR4784	153		Rejected!	
MIR498_3P	217		Rejected!	
MIR142_3P	175		Rejected!	
MIR371A_5P	177		Rejected!	
MIR7114_5P	151		Rejected!	
MIR3191_5P	162		Rejected!	
MIR29B_1_5P	167		Rejected!	
MIR3150B_3P	151		Rejected!	
MIR30B_3P	178		Rejected!	
MIR513B_3P	160		Rejected!	
MIR509_5P	169		Rejected!	
MIR223_5P	160		Rejected!	
MIR5009_3P	171		Rejected!	
MIR103A_2_5P	157		Rejected!	
MIR4786_3P	164	19		
MIR3689A_3P_MIR3689B_3P_MIR3689C	177		Rejected!	
MIR4426	149		Rejected!	
MIR222_5P	186		Rejected!	
MIR22_5P	144	15		
MIR548U	155		Rejected!	
MIR4762_5P	144		Rejected!	
MIR4451	158		Rejected!	
MIR4679	158		Rejected!	
MIR3611	152		Rejected!	
MIR12132	147		Rejected!	
MIR6761_5P	117		Rejected!	
MIR509_3_5P	168		Rejected!	
MIR451B	169		Rejected!	
MIR922	194		Rejected!	
MIR619_5P	138		Rejected!	
MIR4753_5P	180		Rejected!	
MIR103A_1_5P	152		Rejected!	
MIR5681A	155		Rejected!	
MIR4452	163		Rejected!	
MIR939_3P	148		Rejected!	
MIR1184	163		Rejected!	
MIR500A_5P	151		Rejected!	
MIR30C_2_3P	138	15		
MIR4504	157		Rejected!	
MIR374B_3P	145		Rejected!	
MIR3925_5P	153		Rejected!	
MIR1245B_3P	144	15		
MIR561_5P	151		Rejected!	
MIR762	175		Rejected!	
MIR376C_3P	151		Rejected!	
MIR4666B	126		Rejected!	
MIR6807_3P	142		Rejected!	
MIR6740_3P	161		Rejected!	
MIR6792_5P	135		Rejected!	
MIR4667_5P	169		Rejected!	
MIR6795_5P	136		Rejected!	
MIR936	137		Rejected!	
MIR4511	163		Rejected!	
MIR767_5P	191	17		
MIR504_3P	145		Rejected!	
MIR374A_3P	136		Rejected!	
MIR188_3P	153		Rejected!	
MIR548V	137		Rejected!	
MIR6887_5P	136		Rejected!	
MIR5001_5P	169		Rejected!	
MIR6516_3P	143		Rejected!	
MIR6839_3P	158	18		
MIR6780A_3P	157		Rejected!	
MIR3192_5P	160		Rejected!	
MIR423_5P	140		Rejected!	
MIR7156_5P	144		Rejected!	
MIR3667_3P	152		Rejected!	
MIR216A_5P	135		Rejected!	
MIR4665_5P	152		Rejected!	
MIR6513_3P	145		Rejected!	
MIR185_3P	152	18		
MIR4646_5P	149		Rejected!	
MIR4424	124		Rejected!	
MIR2116_5P	143		Rejected!	
MIR4776_3P	161		Rejected!	
MIR3664_3P	156		Rejected!	
MIR199A_5P	181		Rejected!	
MIR30C_1_3P	140	15		
MIR6847_5P	153		Rejected!	
MIR6715A_3P	164		Rejected!	
MIR5584_3P	140		Rejected!	
MIR199B_5P	180		Rejected!	
MIR10393_5P	147		Rejected!	
MIR642A_3P_MIR642B_3P	137		Rejected!	
MIR122B_3P	142		Rejected!	
MIR3652	152		Rejected!	
MIR3187_5P	114		Rejected!	
MIR661	160	15		
MIR4499	117		Rejected!	
MIR186_3P	146		Rejected!	
MIR548AU_3P	172		Rejected!	
MIR4481	133		Rejected!	
MIR21_5P	149		Rejected!	
MIR6752_3P	144		Rejected!	
MIR10395_3P	142		Rejected!	
MIR3177_5P	158		Rejected!	
MIR21_3P	139		Rejected!	
MIR8089	166		Rejected!	
MIR876_5P	138	15		
MIR4766_3P	160		Rejected!	
MIR520A_5P	159		Rejected!	
MIR6788_5P	136	15		
MIR3920	141		Rejected!	
MIR4682	134		Rejected!	
MIR1253	170		Rejected!	
MIR633	143		Rejected!	
MIR5008_3P	169		Rejected!	
MIR4436B_5P	141		Rejected!	
MIR496	110		Rejected!	
MIR6840_3P	163		Rejected!	
MIR556_3P	137		Rejected!	
MIR2276_3P	124		Rejected!	
MIR766_3P	154		Rejected!	
MIR12128	145		Rejected!	
MIR892A	127		Rejected!	
MIR525_5P	157		Rejected!	
MIR6509_3P	137		Rejected!	
MIR1251_3P	156		Rejected!	
MIR329_5P	148	17		
MIR9851_3P	181		Rejected!	
MIR150_3P	128		Rejected!	
MIR2117	128		Rejected!	
MIR891B	129		Rejected!	
MIR4779	146		Rejected!	
MIR4430	144		Rejected!	
MIR190A_5P	112		Rejected!	
MIR3606_5P	152		Rejected!	
MIR433_3P	136		Rejected!	
MIR4635	134		Rejected!	
MIR4677_3P	138		Rejected!	
MIR6728_3P	151		Rejected!	
MIR4318	119	16		
MIR6818_3P	127		Rejected!	
MIR376A_3P_MIR376B_3P	141		Rejected!	
MIR3692_5P	141		Rejected!	
MIR6860	107		Rejected!	
MIR1909_3P	138		Rejected!	
MIR6088	168		Rejected!	
MIR542_3P	140		Rejected!	
MIR4670_3P	155		Rejected!	
MIR6512_5P	117		Rejected!	
MIR4716_5P	122		Rejected!	
MIR190B_5P	110		Rejected!	
MIR190B_3P	138		Rejected!	
MIR6799_5P	151		Rejected!	
MIR204_3P	144		Rejected!	
MIR6852_3P	154		Rejected!	
MIR653_3P	139		Rejected!	
MIR4724_5P	137		Rejected!	
MIR5006_5P	121		Rejected!	
MIR6752_5P	122		Rejected!	
MIR4640_5P	134		Rejected!	
MIR6791_5P	170		Rejected!	
MIR6733_3P	142	15		
MIR4705	123		Rejected!	
MIR5001_3P	156		Rejected!	
MIR1237_3P	134		Rejected!	
MIR3128	133		Rejected!	
MIR3689A_5P_MIR3689B_5P_MIR3689E_MIR3689F	128		Rejected!	
MIR6719_3P	122		Rejected!	
MIR4673	149		Rejected!	
MIR4722_5P	136		Rejected!	
MIR5691_MIR6805_3P	155	17		
MIR6809_5P	140		Rejected!	
MIR6783_5P	158	16		
MIR6501_3P	147		Rejected!	
MIR6884_5P	144		Rejected!	
MIR6716_5P	129		Rejected!	
MIR6730_5P	135		Rejected!	
MIR491_3P	120		Rejected!	
MIR612	102		Rejected!	
MIR3129_5P	154		Rejected!	
MIR5579_3P	160	15		
MIR4653_5P	148		Rejected!	
MIR17_3P	136		Rejected!	
MIR33A_5P_MIR33B_5P	112		Rejected!	
MIR4684_3P	122		Rejected!	
MIR12129	141		Rejected!	
MIR623	119		Rejected!	
MIR935	117		Rejected!	
MIR199A_3P_MIR199B_3P	155		Rejected!	
MIR4456	132		Rejected!	
MIR3149	152		Rejected!	
MIR4797_5P	119		Rejected!	
MIR342_3P	123		Rejected!	
MIR8076	128		Rejected!	
MIR1207_3P	131		Rejected!	
MIR3921	146		Rejected!	
MIR1294	161		Rejected!	
MIR125B_2_3P	135	15		
MIR708_3P	115		Rejected!	
MIR3168	133		Rejected!	
MIR197_3P	100		Rejected!	
MIR5590_5P	117		Rejected!	
MIR3678_3P	127		Rejected!	
MIR7111_3P	123		Rejected!	
MIR2115_5P	135		Rejected!	
MIR8082	112		Rejected!	
MIR605_5P	132		Rejected!	
MIR3184_5P	134		Rejected!	
MIR4418	138		Rejected!	
MIR9986	159		Rejected!	
MIR567	108		Rejected!	
MIR4530	145		Rejected!	
MIR4292	161		Rejected!	
MIR337_3P	120		Rejected!	
MIR4755_3P	145		Rejected!	
MIR593_3P	143		Rejected!	
MIR516B_5P	129		Rejected!	
MIR6079	144		Rejected!	
MIR34B_3P	111		Rejected!	
MIR760	129		Rejected!	
MIR3976	120		Rejected!	
MIR181A_2_3P	115		Rejected!	
MIR6132	132		Rejected!	
MIR593_5P	164		Rejected!	
MIR1825	162		Rejected!	
MIR450A_2_3P	130		Rejected!	
MIR1321	142		Rejected!	
MIR6738_3P	156		Rejected!	
MIR223_3P	121		Rejected!	
MIR4316	141		Rejected!	
MIR6845_3P	137		Rejected!	
MIR4660	138		Rejected!	
MIR219A_5P	151	16		
MIR6766_3P	149	16		
MIR888_3P	120		Rejected!	
MIR4782_3P	150	16		
MIR4691_3P	96		Rejected!	
MIR4739	145		Rejected!	
MIR4701_5P	127		Rejected!	
MIR588	127		Rejected!	
MIR3688_5P	138		Rejected!	
MIR3674	128	15		
MIR1913	144		Rejected!	
MIR6165	120		Rejected!	
MIR5190	132		Rejected!	
MIR6836_5P	127		Rejected!	
MIR4428	129		Rejected!	
MIR6720_5P	133		Rejected!	
MIR148A_5P	116		Rejected!	
MIR4257	128	16		
MIR31_5P	150	15		
MIR671_5P	132		Rejected!	
MIR485_5P	139		Rejected!	
MIR3074_5P	151		Rejected!	
MIR3085_3P	146		Rejected!	
MIR4756_5P	141		Rejected!	
MIR3064_5P	148		Rejected!	
MIR6792_3P	126		Rejected!	
MIR6512_3P	130		Rejected!	
MIR758_3P	126		Rejected!	
MIR1304_5P	131		Rejected!	
MIR8080	138		Rejected!	
MIR452_3P	131		Rejected!	
MIR3190_3P	124		Rejected!	
MIR651_5P	121		Rejected!	
MIR4277	124		Rejected!	
MIR1179	124		Rejected!	
MIR600	141		Rejected!	
MIR6715B_3P	131		Rejected!	
MIR1248	128	15		
MIR93_3P	121		Rejected!	
MIR6842_3P	124		Rejected!	
MIR3663_3P	144		Rejected!	
MIR4685_3P	128		Rejected!	
MIR4645_3P	111		Rejected!	
MIR5585_5P	138		Rejected!	
MIR5007_3P	122		Rejected!	
MIR2355_5P	133		Rejected!	
MIR4693_5P	109		Rejected!	
MIR6891_5P	122		Rejected!	
MIR4287	126		Rejected!	
MIR4720_3P	114		Rejected!	
MIR216B_3P	130		Rejected!	
MIR143_5P	130		Rejected!	
MIR215_3P	139		Rejected!	
MIR6760_5P	115		Rejected!	
MIR6134	134		Rejected!	
MIR4777_5P	115		Rejected!	
MIR140_3P	144		Rejected!	
MIR5004_3P	135		Rejected!	
MIR887_5P	107		Rejected!	
MIR3179	132		Rejected!	
MIR1264	119		Rejected!	
MIR6504_5P	142		Rejected!	
MIR1343_5P	125	16		
MIR3154	115		Rejected!	
MIR4314	138		Rejected!	
MIR1304_3P	112		Rejected!	
MIR4302	133		Rejected!	
MIR6768_3P	139		Rejected!	
MIR491_5P	107		Rejected!	
MIR1324	127		Rejected!	
MIR487A_3P	102		Rejected!	
MIR8062	109		Rejected!	
MIR4691_5P	128		Rejected!	
MIR4520_2_3P	126		Rejected!	
MIR505_3P	111		Rejected!	
MIR6839_5P	107		Rejected!	
MIR4650_3P	137		Rejected!	
MIR154_3P	101		Rejected!	
MIR1206	117		Rejected!	
MIR4728_3P	114		Rejected!	
MIR653_5P	129		Rejected!	
MIR6749_3P	116		Rejected!	
MIR802	133		Rejected!	
MIR3167	110		Rejected!	
MIR590_5P	131		Rejected!	
MIR3129_3P	107		Rejected!	
MIR149_5P	152		Rejected!	
MIR6499_3P	127		Rejected!	
MIR4472	110		Rejected!	
MIR4457	123		Rejected!	
MIR4308	143		Rejected!	
MIR7153_5P	117		Rejected!	
MIR4667_3P	130		Rejected!	
MIR3140_5P	139		Rejected!	
MIR6734_3P	142		Rejected!	
MIR939_5P	125	16		
MIR665	132		Rejected!	
MIR1301_3P_MIR5047	117		Rejected!	
MIR889_5P	114		Rejected!	
MIR1257	93		Rejected!	
MIR6833_5P	131		Rejected!	
MIR4699_5P	119		Rejected!	
MIR9718	102		Rejected!	
MIR5088_3P	126		Rejected!	
MIR660_3P	99		Rejected!	
MIR196A_3P	125		Rejected!	
MIR384	122		Rejected!	
MIR629_5P	109		Rejected!	
MIR136_5P	114		Rejected!	
MIR6837_5P	123		Rejected!	
MIR5697	153		Rejected!	
MIR133A_5P	134		Rejected!	
MIR3157_5P	109		Rejected!	
MIR7850_5P	122		Rejected!	
MIR146A_5P	116		Rejected!	
MIR6873_5P	112		Rejected!	
MIR4455	109		Rejected!	
MIR4756_3P	114		Rejected!	
MIR146B_5P	115		Rejected!	
MIR326	130		Rejected!	
MIR890	98		Rejected!	
MIR5583_5P	106		Rejected!	
MIR4273	109		Rejected!	
MIR338_3P	141		Rejected!	
MIR124_5P	113		Rejected!	
MIR200A_5P	106		Rejected!	
MIR200B_5P	106		Rejected!	
MIR378A_5P	136		Rejected!	
MIR6081	109		Rejected!	
MIR3908	112		Rejected!	
MIR942_3P	110		Rejected!	
MIR6776_5P	97		Rejected!	
MIR767_3P	125		Rejected!	
MIR1537_5P	121		Rejected!	
MIR6818_5P	123	15		
MIR12125	108		Rejected!	
MIR217_3P	94		Rejected!	
MIR335_5P	110		Rejected!	
MIR526B_5P	103		Rejected!	
MIR585_5P	134		Rejected!	
MIR4685_5P	121		Rejected!	
MIR548S	131		Rejected!	
MIR5089_5P	110		Rejected!	
MIR361_3P	102		Rejected!	
MIR4709_5P	105		Rejected!	
MIR541_5P	121		Rejected!	
MIR3682_5P	103		Rejected!	
MIR4436B_3P	110		Rejected!	
MIR449C_5P	139		Rejected!	
MIR506_5P	137		Rejected!	
MIR6787_3P	102		Rejected!	
MIR6814_5P	113		Rejected!	
MIR582_3P	100		Rejected!	
MIR4483	98		Rejected!	
MIR6754_5P	123		Rejected!	
MIR8060	102		Rejected!	
MIR7112_3P	95		Rejected!	
MIR18A_5P_MIR18B_5P	125		Rejected!	
MIR3164	108		Rejected!	
MIR873_5P	116		Rejected!	
MIR6879_5P	112		Rejected!	
MIR34B_5P	138		Rejected!	
MIR4796_5P	99		Rejected!	
MIR365A_3P_MIR365B_3P	114		Rejected!	
MIR5087	94		Rejected!	
MIR5004_5P	122		Rejected!	
MIR6757_3P	107		Rejected!	
MIR4700_3P	101		Rejected!	
MIR9851_5P	116		Rejected!	
MIR487A_5P	108		Rejected!	
MIR3668	108		Rejected!	
MIR6507_3P	124		Rejected!	
MIR3159	97		Rejected!	
MIR487B_5P	107		Rejected!	
MIR6889_3P	108		Rejected!	
MIR3660	103		Rejected!	
MIR597_3P	107		Rejected!	
MIR891A_3P	127		Rejected!	
MIR6867_3P	117		Rejected!	
MIR362_3P	116		Rejected!	
MIR499B_5P	98		Rejected!	
MIR6735_5P	105		Rejected!	
MIR4526	101		Rejected!	
MIR876_3P	91		Rejected!	
MIR3911	91		Rejected!	
MIR1183	126		Rejected!	
MIR4727_5P	115		Rejected!	
MIR6828_3P	116		Rejected!	
MIR6758_3P	110		Rejected!	
MIR5690	118		Rejected!	
MIR6778_5P	107		Rejected!	
MIR4999_5P	100		Rejected!	
MIR6824_3P	111		Rejected!	
MIR432_5P	106		Rejected!	
MIR155_3P	93		Rejected!	
MIR6758_5P	114		Rejected!	
MIR329_3P	115		Rejected!	
MIR6764_3P	110		Rejected!	
MIR1227_5P	107		Rejected!	
MIR10A_5P_MIR10B_5P	103		Rejected!	
MIR6736_3P	129	16		
MIR7849_3P	116		Rejected!	
MIR4697_3P	118		Rejected!	
MIR558	114		Rejected!	
MIR2467_5P	114		Rejected!	
MIR2355_3P	113		Rejected!	
MIR301B_5P	86		Rejected!	
MIR6762_3P	124		Rejected!	
MIR6747_3P	120		Rejected!	
MIR6509_5P	95		Rejected!	
MIR7161_3P	85		Rejected!	
MIR4736	111		Rejected!	
MIR6073	102		Rejected!	
MIR5187_5P	108		Rejected!	
MIR1233_5P	104		Rejected!	
MIR106A_3P	105		Rejected!	
MIR3116	104		Rejected!	
MIR4326	85		Rejected!	
MIR6820_3P	103		Rejected!	
MIR5580_5P	117		Rejected!	
MIR4317	100		Rejected!	
MIR6513_5P	99		Rejected!	
MIR4716_3P	83		Rejected!	
MIR6794_5P	82		Rejected!	
MIR654_5P	100		Rejected!	
MIR3612	118		Rejected!	
MIR301A_5P	82		Rejected!	
MIR7843_5P	100		Rejected!	
MIR6506_5P	100		Rejected!	
MIR5699_5P	112		Rejected!	
MIR4645_5P	121		Rejected!	
MIR6799_3P	119		Rejected!	
MIR6760_3P	101		Rejected!	
MIR12113	98		Rejected!	
MIR4264	109		Rejected!	
MIR1_5P	87		Rejected!	
MIR7150	132		Rejected!	
MIR650	116		Rejected!	
MIR885_5P	117		Rejected!	
MIR6126	119		Rejected!	
MIR1272	86		Rejected!	
MIR4735_3P	114		Rejected!	
MIR541_3P	99		Rejected!	
MIR4656	109		Rejected!	
MIR6727_3P	112		Rejected!	
MIR216B_5P	92		Rejected!	
MIR4293	106		Rejected!	
MIR3944_5P	111		Rejected!	
MIR4718	105		Rejected!	
MIR4711_5P	103		Rejected!	
MIR4797_3P	100		Rejected!	
MIR6892_5P	91		Rejected!	
MIR1197	91		Rejected!	
MIR449B_3P	123		Rejected!	
MIR6505_3P	97		Rejected!	
MIR4469	112		Rejected!	
MIR7155_5P	96		Rejected!	
MIR202_5P	114		Rejected!	
MIR198	93		Rejected!	
MIR584_3P	111		Rejected!	
MIR6851_5P	107		Rejected!	
MIR6817_5P	110		Rejected!	
MIR6759_3P	110	16		
MIR5187_3P	99		Rejected!	
MIR1291	113		Rejected!	
MIR486_5P	94		Rejected!	
MIR1972	100		Rejected!	
MIR1266_5P	96		Rejected!	
MIR324_3P	78		Rejected!	
MIR320A_5P	111		Rejected!	
MIR6868_5P	119		Rejected!	
MIR3618	100		Rejected!	
MIR3135B	105		Rejected!	
MIR5695	95		Rejected!	
MIR4769_3P	109		Rejected!	
MIR484	87		Rejected!	
MIR4772_3P	91		Rejected!	
MIR3934_3P	103		Rejected!	
MIR5100	94		Rejected!	
MIR26B_3P	104		Rejected!	
MIR22_3P	138		Rejected!	
MIR4632_5P	104		Rejected!	
MIR628_5P	82		Rejected!	
MIR6837_3P	107		Rejected!	
MIR4726_5P	100		Rejected!	
MIR4786_5P	93		Rejected!	
MIR7854_3P	107		Rejected!	
MIR4642	102		Rejected!	
MIR4733_5P	94		Rejected!	
MIR4745_5P	84		Rejected!	
MIR514A_3P_MIR514B_3P	108		Rejected!	
MIR10526_3P	119		Rejected!	
MIR3173_5P	105		Rejected!	
MIR192_3P	101		Rejected!	
MIR382_3P	101		Rejected!	
MIR2278	103		Rejected!	
MIR3675_3P	90		Rejected!	
MIR129_1_3P_MIR129_2_3P	132		Rejected!	
MIR1255B_2_3P	89		Rejected!	
MIR425_5P	88		Rejected!	
MIR512_3P	106		Rejected!	
MIR4468	119		Rejected!	
MIR6856_5P	106		Rejected!	
MIR6826_3P	100		Rejected!	
MIR4647_MIR4662B	88		Rejected!	
MIR4425	88		Rejected!	
MIR1226_3P	110		Rejected!	
MIR218_1_3P	90		Rejected!	
MIR4423_3P	130		Rejected!	
MIR6763_5P	110		Rejected!	
MIR3166	118		Rejected!	
MIR4774_5P	94		Rejected!	
MIR4518	92		Rejected!	
MIR383_3P	130	15		
MIR12118	103		Rejected!	
MIR6880_5P	93		Rejected!	
MIR7843_3P	88		Rejected!	
MIR5587_5P	112		Rejected!	
MIR6806_3P	109		Rejected!	
MIR6515_5P	92		Rejected!	
MIR599	86	15		
MIR488_5P	79		Rejected!	
MIR3173_3P	104		Rejected!	
MIR5094	92		Rejected!	
MIR4284	112		Rejected!	
MIR548B_3P	104		Rejected!	
MIR6773_3P	106		Rejected!	
MIR1273H_3P	97		Rejected!	
MIR6892_3P	103		Rejected!	
MIR7855_5P	84		Rejected!	
MIR141_5P	98		Rejected!	
MIR3617_3P	94		Rejected!	
MIR6801_5P	111		Rejected!	
MIR1912_3P	85		Rejected!	
MIR3121_5P	104		Rejected!	
MIR4490	99		Rejected!	
MIR8075	99		Rejected!	
MIR4266	87		Rejected!	
MIR2682_5P	118		Rejected!	
MIR2861	89		Rejected!	
MIR3928_5P	108		Rejected!	
MIR3127_3P	101		Rejected!	
MIR211_3P	82		Rejected!	
MIR3974	94		Rejected!	
MIR3190_5P	122		Rejected!	
MIR1244	98		Rejected!	
MIR584_5P	87		Rejected!	
MIR3074_3P	93		Rejected!	
MIR3145_5P	100		Rejected!	
MIR212_5P	96		Rejected!	
MIR5702	78		Rejected!	
MIR3689D	101		Rejected!	
MIR549A_3P	80		Rejected!	
MIR6742_3P	99		Rejected!	
MIR1260A_MIR1260B	105		Rejected!	
MIR508_3P	107		Rejected!	
MIR6888_3P	92		Rejected!	
MIR624_3P	98		Rejected!	
MIR4520_3P	91		Rejected!	
MIR6782_3P	88		Rejected!	
MIR518D_5P_MIR518F_5P_MIR520C_5P_MIR526A_5P	89		Rejected!	
MIR4639_5P	99		Rejected!	
MIR4714_5P	105		Rejected!	
MIR6756_3P	98		Rejected!	
MIR4752	86		Rejected!	
MIR3171	77		Rejected!	
MIR12117	94		Rejected!	
MIR4711_3P	82		Rejected!	
MIR5585_3P	89		Rejected!	
MIR10393_3P	109		Rejected!	
MIR7703	113		Rejected!	
MIR4662A_5P	90		Rejected!	
MIR4678	112		Rejected!	
MIR152_5P	92		Rejected!	
MIR4659B_5P	99		Rejected!	
MIR3605_5P	90		Rejected!	
MIR5572	82		Rejected!	
MIR606	92		Rejected!	
MIR3622A_3P_MIR3622B_3P	99		Rejected!	
MIR5000_5P	102		Rejected!	
MIR4680_5P	70		Rejected!	
MIR6846_5P	83		Rejected!	
MIR628_3P	85		Rejected!	
MIR1267	74		Rejected!	
MIR6829_5P	98		Rejected!	
MIR6748_3P	81		Rejected!	
MIR6882_3P	113		Rejected!	
MIR7852_3P	75		Rejected!	
MIR3922_5P	104		Rejected!	
MIR618	74		Rejected!	
MIR5693	90		Rejected!	
MIR96_3P	71		Rejected!	
MIR3201	85		Rejected!	
MIR581	81		Rejected!	
MIR3913_5P	88		Rejected!	
MIR6754_3P	101		Rejected!	
MIR6819_5P	86		Rejected!	
MIR6804_5P	75		Rejected!	
MIR624_5P	105		Rejected!	
MIR4708_3P	103		Rejected!	
MIR7152_3P	95		Rejected!	
MIR4286	92		Rejected!	
MIR637	92		Rejected!	
MIR5000_3P	106		Rejected!	
MIR378J	80		Rejected!	
MIR654_3P	81		Rejected!	
MIR610	83		Rejected!	
MIR3150A_3P	102		Rejected!	
MIR455_3P	92		Rejected!	
MIR4710	80		Rejected!	
MIR409_3P	93		Rejected!	
MIR5581_5P	75		Rejected!	
MIR7976	101		Rejected!	
MIR6831_5P	120		Rejected!	
MIR10397_5P	73		Rejected!	
MIR6730_3P	87		Rejected!	
MIR6871_3P	124		Rejected!	
MIR6796_5P	82		Rejected!	
MIR532_3P	84		Rejected!	
MIR6745	96		Rejected!	
MIR3928_3P	102		Rejected!	
MIR4793_5P	74		Rejected!	
MIR892B	77		Rejected!	
MIR642A_5P	89		Rejected!	
MIR6737_5P	83		Rejected!	
MIR6794_3P	85		Rejected!	
MIR367_5P	71		Rejected!	
MIR4502	80		Rejected!	
MIR383_5P	79		Rejected!	
MIR4330	87		Rejected!	
MIR6849_3P	77		Rejected!	
MIR127_5P	88		Rejected!	
MIR3918	90		Rejected!	
MIR573	91		Rejected!	
MIR6771_3P	96		Rejected!	
MIR4696	99		Rejected!	
MIR5579_5P	78		Rejected!	
MIR6848_5P	82		Rejected!	
MIR4539	80		Rejected!	
MIR370_3P	93		Rejected!	
MIR4294	75		Rejected!	
MIR134_3P	86		Rejected!	
MIR3156_3P	89		Rejected!	
MIR622	82		Rejected!	
MIR6750_3P	70		Rejected!	
MIR1178_3P	91		Rejected!	
MIR4695_3P	78		Rejected!	
MIR532_5P	80		Rejected!	
MIR1912_5P	85		Rejected!	
MIR1286	87		Rejected!	
MIR6864_5P	87		Rejected!	
MIR592	77		Rejected!	
MIR1261	87		Rejected!	
MIR4437	103		Rejected!	
MIR5583_3P	87		Rejected!	
MIR6732_3P	93		Rejected!	
MIR7113_3P	91		Rejected!	
MIR7978	85		Rejected!	
MIR4254	100		Rejected!	
MIR3162_5P	76		Rejected!	
MIR3682_3P	85		Rejected!	
MIR6793_3P	88		Rejected!	
MIR3616_5P	89		Rejected!	
MIR4689	88		Rejected!	
MIR6781_3P	85		Rejected!	
MIR8055	75		Rejected!	
MIR518E_5P_MIR519A_5P_MIR519B_5P_MIR519C_5P_MIR522_5P_MIR523_5P	86		Rejected!	
MIR4329	79		Rejected!	
MIR3155A_MIR3155B	77		Rejected!	
MIR630	80		Rejected!	
MIR4289	70		Rejected!	
MIR508_5P	101		Rejected!	
MIR770_5P	101		Rejected!	
MIR4686	85		Rejected!	
MIR6748_5P	71		Rejected!	
MIR1228_3P	75		Rejected!	
MIR6529_3P	85		Rejected!	
MIR145_3P	71		Rejected!	
MIR589_5P	87		Rejected!	
MIR4712_5P	100		Rejected!	
MIR1285_5P	69		Rejected!	
MIR203B_3P	94		Rejected!	
MIR4252	92		Rejected!	
MIR122_5P	91		Rejected!	
MIR6874_3P	81		Rejected!	
MIR6832_5P	85		Rejected!	
MIR4501	77		Rejected!	
MIR6893_3P	91		Rejected!	
MIR1202	75		Rejected!	
MIR4662A_3P	68		Rejected!	
MIR4794	101		Rejected!	
MIR148B_5P	81		Rejected!	
MIR4435	85		Rejected!	
MIR6857_5P	79		Rejected!	
MIR495_5P	69		Rejected!	
MIR647	83		Rejected!	
MIR517_5P	92		Rejected!	
MIR5588_5P	90		Rejected!	
MIR6827_3P	83		Rejected!	
MIR3194_3P	95		Rejected!	
MIR182_3P	67		Rejected!	
MIR4790_3P	86		Rejected!	
MIR4687_3P	85		Rejected!	
MIR3192_3P	83		Rejected!	
MIR26A_1_3P	80		Rejected!	
MIR26A_2_3P	80		Rejected!	
MIR15B_3P	80		Rejected!	
MIR6514_3P	70		Rejected!	
MIR10B_3P	82		Rejected!	
MIR6501_5P	72		Rejected!	
MIR10524_5P	83		Rejected!	
MIR4695_5P	89		Rejected!	
MIR6731_3P	72		Rejected!	
MIR10525_3P	57		Rejected!	
MIR455_5P	88		Rejected!	
MIR597_5P	78		Rejected!	
MIR6510_5P	86		Rejected!	
MIR323B_3P	63		Rejected!	
MIR3156_5P	70		Rejected!	
MIR4491	73		Rejected!	
MIR31_3P	60		Rejected!	
MIR1236_5P	81		Rejected!	
MIR3613_5P	77		Rejected!	
MIR4657	72		Rejected!	
MIR3922_3P	96		Rejected!	
MIR4804_3P	85		Rejected!	
MIR4464	70		Rejected!	
MIR1302	74		Rejected!	
MIR3927_3P	107		Rejected!	
MIR510_5P	70		Rejected!	
MIR3972	70		Rejected!	
MIR194_3P	88		Rejected!	
MIR10401_5P	80		Rejected!	
MIR4720_5P	89		Rejected!	
MIR4748	69		Rejected!	
MIR1229_3P	84		Rejected!	
MIR5586_3P	53		Rejected!	
MIR7158_5P	73		Rejected!	
MIR8073	80		Rejected!	
MIR7974	90		Rejected!	
MIR4445_5P	90		Rejected!	
MIR4799_3P	88		Rejected!	
MIR5008_5P	86		Rejected!	
MIR4722_3P	84		Rejected!	
MIR7156_3P	95		Rejected!	
MIR4664_5P	81		Rejected!	
MIR6827_5P	78		Rejected!	
MIR4717_3P	76		Rejected!	
MIR4774_3P	83		Rejected!	
MIR6823_5P	70		Rejected!	
MIR3909	74		Rejected!	
MIR4473	87		Rejected!	
MIR3161	75		Rejected!	
MIR4717_5P	106		Rejected!	
MIR138_1_3P	82		Rejected!	
MIR6131	98		Rejected!	
MIR489_3P	77		Rejected!	
MIR4519	84		Rejected!	
MIR6765_3P	95		Rejected!	
MIR5586_5P	80		Rejected!	
MIR6755_3P	79		Rejected!	
MIR569	77		Rejected!	
MIR4460	84		Rejected!	
MIR4527	69		Rejected!	
MIR4436A	91		Rejected!	
MIR500B_3P	80		Rejected!	
MIR5089_3P	70		Rejected!	
MIR4726_3P	75		Rejected!	
MIR4795_5P	72		Rejected!	
MIR4701_3P	51		Rejected!	
MIR934	82		Rejected!	
MIR7109_5P	75		Rejected!	
MIR221_5P	78		Rejected!	
MIR675_3P	65		Rejected!	
MIR6872_3P	67		Rejected!	
MIR1295B_5P	73		Rejected!	
MIR6829_3P	83		Rejected!	
MIR3136_5P	77		Rejected!	
MIR140_5P	88		Rejected!	
MIR3679_5P	75		Rejected!	
MIR3935	78		Rejected!	
MIR1976	85		Rejected!	
MIR219A_2_3P	67		Rejected!	
MIR1246	56		Rejected!	
MIR6791_3P	82		Rejected!	
MIR5589_5P	76		Rejected!	
MIR6886_3P	94		Rejected!	
MIR1199_5P	80		Rejected!	
MIR6751_3P	81		Rejected!	
MIR4474_3P	87		Rejected!	
MIR6500_3P	81		Rejected!	
MIR643	64		Rejected!	
MIR4493	96		Rejected!	
MIR634	86		Rejected!	
MIR649	71		Rejected!	
MIR6861_5P	68		Rejected!	
MIR6854_5P	74		Rejected!	
MIR3929	87		Rejected!	
MIR6890_3P	92		Rejected!	
MIR1262	49		Rejected!	
MIR4296	70		Rejected!	
MIR3138	72		Rejected!	
MIR125A_3P	77		Rejected!	
MIR657	73		Rejected!	
MIR6810_5P	72		Rejected!	
MIR378G	81		Rejected!	
MIR644A	63		Rejected!	
MIR660_5P	73		Rejected!	
MIR12127	79		Rejected!	
MIR3132	71		Rejected!	
MIR18A_3P	86		Rejected!	
MIR4724_3P	81		Rejected!	
MIR5694	54		Rejected!	
MIR6736_5P	47		Rejected!	
MIR4764_5P	75		Rejected!	
MIR6728_5P	70		Rejected!	
MIR4450	76		Rejected!	
MIR642B_5P	75		Rejected!	
MIR3912_5P	85		Rejected!	
MIR331_5P	78		Rejected!	
MIR4708_5P	92		Rejected!	
MIR6810_3P	74		Rejected!	
MIR6734_5P	72		Rejected!	
MIR376A_5P	60		Rejected!	
MIR193A_3P_MIR193B_3P	84		Rejected!	
MIR10395_5P	74		Rejected!	
MIR4327	86		Rejected!	
MIR6072	77		Rejected!	
MIR4439	73		Rejected!	
MIR1910_5P	81		Rejected!	
MIR4463	84		Rejected!	
MIR376A_2_5P	66		Rejected!	
MIR7847_3P	72		Rejected!	
MIR3664_5P	74		Rejected!	
MIR6855_5P	67		Rejected!	
MIR4639_3P	72		Rejected!	
MIR8069	63		Rejected!	
MIR550A_3P	78		Rejected!	
MIR4772_5P	53		Rejected!	
MIR744_3P	63		Rejected!	
MIR8077	68		Rejected!	
MIR6894_3P	73		Rejected!	
MIR1224_5P	63		Rejected!	
MIR188_5P	72		Rejected!	
MIR12115	71		Rejected!	
MIR4777_3P	70		Rejected!	
MIR3187_3P	78		Rejected!	
MIR1270	79		Rejected!	
MIR6866_3P	73		Rejected!	
MIR6895_3P	90		Rejected!	
MIR3134	72		Rejected!	
MIR4690_5P	75		Rejected!	
MIR432_3P	65		Rejected!	
MIR1255A_MIR1255B_5P	69		Rejected!	
MIR4704_5P	59		Rejected!	
MIR6804_3P	96		Rejected!	
MIR8081	58		Rejected!	
MIR4650_5P	74		Rejected!	
MIR7155_3P	64		Rejected!	
MIR6843_3P	88		Rejected!	
MIR2116_3P	73		Rejected!	
MIR412_3P	79		Rejected!	
MIR8057	86		Rejected!	
MIR574_5P	82		Rejected!	
MIR20B_3P	72		Rejected!	
MIR3184_3P	76		Rejected!	
MIR3118	75		Rejected!	
MIR4471	72		Rejected!	
MIR6848_3P	87		Rejected!	
MIR6744_5P	48		Rejected!	
MIR550B_3P	57		Rejected!	
MIR197_5P	65		Rejected!	
MIR3188	86		Rejected!	
MIR3661	71		Rejected!	
MIR6812_5P	70		Rejected!	
MIR193B_5P	61		Rejected!	
MIR3122	66		Rejected!	
MIR7109_3P	65		Rejected!	
MIR877_5P	81		Rejected!	
MIR6775_3P	83		Rejected!	
MIR196A_5P_MIR196B_5P	94		Rejected!	
MIR6769B_5P	78		Rejected!	
MIR147A	63		Rejected!	
MIR520G_5P	60		Rejected!	
MIR1322	72		Rejected!	
MIR2392	73		Rejected!	
MIR3189_3P	74		Rejected!	
MIR1224_3P	67		Rejected!	
MIR3152_3P	83		Rejected!	
MIR10398_5P	79		Rejected!	
MIR4653_3P	54		Rejected!	
MIR6729_3P	71		Rejected!	
MIR3913_3P	75		Rejected!	
MIR6769B_3P	82		Rejected!	
MIR144_5P	53		Rejected!	
MIR4487	80		Rejected!	
MIR6857_3P	72		Rejected!	
MIR3169	62		Rejected!	
MIR3136_3P	63		Rejected!	
MIR5196_3P	71		Rejected!	
MIR6772_3P	71		Rejected!	
MIR4290	69		Rejected!	
MIR937_5P	56		Rejected!	
MIR7151_5P	52		Rejected!	
MIR8064	82		Rejected!	
MIR6750_5P	75		Rejected!	
MIR4723_3P	82		Rejected!	
MIR11399	78		Rejected!	
MIR6824_5P	77		Rejected!	
MIR1227_3P	75		Rejected!	
MIR3194_5P	77		Rejected!	
MIR4432	69		Rejected!	
MIR2276_5P	72		Rejected!	
MIR6822_5P	76		Rejected!	
MIR3183	82		Rejected!	
MIR502_5P	74		Rejected!	
MIR620	76		Rejected!	
MIR4256	76		Rejected!	
MIR500A_3P	81		Rejected!	
MIR4299	76		Rejected!	
MIR6806_5P	68		Rejected!	
MIR6866_5P	74		Rejected!	
MIR6875_5P	69		Rejected!	
MIR10226	78		Rejected!	
MIR134_5P	73		Rejected!	
MIR3176	73		Rejected!	
MIR4648	44		Rejected!	
MIR1843	65		Rejected!	
MIR339_5P	72		Rejected!	
MIR4646_3P	58		Rejected!	
MIR591	50		Rejected!	
MIR550A_3_5P_MIR550A_5P	71		Rejected!	
MIR4764_3P	68		Rejected!	
MIR5685	70		Rejected!	
MIR595	67		Rejected!	
MIR483_3P	55		Rejected!	
MIR6797_3P	60		Rejected!	
MIR3659	77		Rejected!	
MIR363_5P	71		Rejected!	
MIR938	75		Rejected!	
MIR4690_3P	68		Rejected!	
MIR6831_3P	58		Rejected!	
MIR4712_3P	68		Rejected!	
MIR4521	73		Rejected!	
MIR4663	66		Rejected!	
MIR1271_3P	69		Rejected!	
MIR4802_5P	64		Rejected!	
MIR5699_3P	72		Rejected!	
MIR3672	49		Rejected!	
MIR11181_5P	72		Rejected!	
MIR3126_5P	67		Rejected!	
MIR3200_5P	72		Rejected!	
MIR4791	68		Rejected!	
MIR154_5P	67		Rejected!	
MIR4732_3P	87		Rejected!	
MIR6856_3P	69		Rejected!	
MIR2682_3P	68		Rejected!	
MIR1256	73		Rejected!	
MIR3127_5P	59		Rejected!	
MIR6779_3P	69		Rejected!	
MIR4740_5P	71		Rejected!	
MIR219A_1_3P	62		Rejected!	
MIR4793_3P	70		Rejected!	
MIR3117_5P	59		Rejected!	
MIR4509	71		Rejected!	
MIR549A_5P	54		Rejected!	
MIR34A_3P	72		Rejected!	
MIR616_3P	46		Rejected!	
MIR4761_5P	67		Rejected!	
MIR5681B	55		Rejected!	
MIR4771	51		Rejected!	
MIR655_5P	79		Rejected!	
MIR3160_3P	71		Rejected!	
MIR100_3P	70		Rejected!	
MIR1278	65		Rejected!	
MIR571	66		Rejected!	
MIR5591_5P	65		Rejected!	
MIR6751_5P	69		Rejected!	
MIR1293	64		Rejected!	
MIR4641	64		Rejected!	
MIR3144_3P	62		Rejected!	
MIR6529_5P	46		Rejected!	
MIR4298	58		Rejected!	
MIR3120_5P	83		Rejected!	
MIR3622B_5P	57		Rejected!	
MIR1587	61		Rejected!	
MIR617	63		Rejected!	
MIR6871_5P	59		Rejected!	
MIR6793_5P	61		Rejected!	
MIR6811_3P	57		Rejected!	
MIR6503_5P	55		Rejected!	
MIR4637	61		Rejected!	
MIR4659A_5P	78		Rejected!	
MIR509_3P	61		Rejected!	
MIR6891_3P	66		Rejected!	
MIR4260	70		Rejected!	
MIR664A_5P	77		Rejected!	
MIR219B_3P	59		Rejected!	
MIR3938	76		Rejected!	
MIR6883_3P	60		Rejected!	
MIR6759_5P	66		Rejected!	
MIR6511A_3P_MIR6511B_3P	58		Rejected!	
MIR3691_3P	69		Rejected!	
MIR6881_5P	58		Rejected!	
MIR562	65		Rejected!	
MIR4300	62		Rejected!	
MIR493_3P	68		Rejected!	
MIR3152_5P	66		Rejected!	
MIR1266_3P	55		Rejected!	
MIR6870_3P	47		Rejected!	
MIR4305	56		Rejected!	
MIR6753_3P	54		Rejected!	
MIR6884_3P	64		Rejected!	
MIR3616_3P	64		Rejected!	
MIR6780B_3P	64		Rejected!	
MIR759	71		Rejected!	
MIR12116	58		Rejected!	
MIR873_3P	61		Rejected!	
MIR1185_5P	59		Rejected!	
MIR6740_5P	67		Rejected!	
MIR382_5P	60		Rejected!	
MIR4513	49		Rejected!	
MIR3923	50		Rejected!	
MIR6823_3P	58		Rejected!	
MIR3934_5P	60		Rejected!	
MIR632	61		Rejected!	
MIR4654	53		Rejected!	
MIR34C_3P	65		Rejected!	
MIR4761_3P	52		Rejected!	
MIR1288_5P	54		Rejected!	
MIR874_5P	60		Rejected!	
MIR328_5P	58		Rejected!	
MIR626	54		Rejected!	
MIR299_3P	57		Rejected!	
MIR6811_5P	73		Rejected!	
MIR6511B_5P	73		Rejected!	
MIR514A_5P	68		Rejected!	
MIR7107_3P	52		Rejected!	
MIR8059	61		Rejected!	
MIR3137	54		Rejected!	
MIR4524B_3P	72		Rejected!	
MIR3139	60		Rejected!	
MIR3614_3P	63		Rejected!	
MIR7845_5P	58		Rejected!	
MIR4693_3P	61		Rejected!	
MIR6762_5P	59		Rejected!	
MIR4733_3P	72		Rejected!	
MIR370_5P	74		Rejected!	
MIR631	52		Rejected!	
MIR345_5P	46		Rejected!	
MIR342_5P	62		Rejected!	
MIR6774_5P	53		Rejected!	
MIR4721	72		Rejected!	
MIR4448	66		Rejected!	
MIR576_3P	63		Rejected!	
MIR200C_5P	63		Rejected!	
MIR6847_3P	58		Rejected!	
MIR6841_3P	54		Rejected!	
MIR28_3P	49		Rejected!	
MIR6865_5P	58		Rejected!	
MIR1258	61		Rejected!	
MIR1233_3P	79		Rejected!	
MIR4683	53		Rejected!	
MIR3665	80		Rejected!	
MIR3614_5P	68		Rejected!	
MIR6869_5P	46		Rejected!	
MIR3975	53		Rejected!	
MIR6876_3P	52		Rejected!	
MIR6801_3P	51		Rejected!	
MIR7851_3P	56		Rejected!	
MIR1263	53		Rejected!	
MIR4741	49		Rejected!	
MIR6815_5P	57		Rejected!	
MIR8056	50		Rejected!	
MIR4474_5P	51		Rejected!	
MIR664B_5P	57		Rejected!	
MIR1243	63		Rejected!	
MIR8083	54		Rejected!	
MIR3914	54		Rejected!	
MIR4515	45		Rejected!	
MIR6864_3P	47		Rejected!	
MIR6834_5P	59		Rejected!	
MIR4522	58		Rejected!	
MIR3170	50		Rejected!	
MIR505_5P	55		Rejected!	
MIR320E	71		Rejected!	
MIR6845_5P	62		Rejected!	
MIR4433B_5P	58		Rejected!	
MIR4749_3P	53		Rejected!	
MIR6858_5P	60		Rejected!	
MIR6796_3P	61		Rejected!	
MIR6744_3P	64		Rejected!	
MIR3059_3P	52		Rejected!	
MIR3130_3P	50		Rejected!	
MIR3620_5P	52		Rejected!	
MIR6803_5P	54		Rejected!	
MIR6807_5P	59		Rejected!	
MIR4480	58		Rejected!	
MIR1226_5P	52		Rejected!	
MIR4433A_3P	60		Rejected!	
MIR4446_3P	65		Rejected!	
MIR6798_5P	45		Rejected!	
MIR7154_3P	67		Rejected!	
MIR346	73		Rejected!	
MIR3620_3P	68		Rejected!	
MIR9898	58		Rejected!	
MIR501_3P_MIR502_3P	73		Rejected!	
MIR6858_3P	46		Rejected!	
MIR4757_5P	63		Rejected!	
MIR4475	68		Rejected!	
MIR4438	70		Rejected!	
MIR9903	54		Rejected!	
MIR503_5P	99		Rejected!	
MIR4715_5P	43		Rejected!	
MIR7158_3P	60		Rejected!	
MIR449C_3P	55		Rejected!	
MIR146B_3P	71		Rejected!	
MIR4638_3P	61		Rejected!	
MIR4676_5P	55		Rejected!	
MIR6851_3P	59		Rejected!	
MIR3130_5P	61		Rejected!	
MIR3189_5P	54		Rejected!	
MIR6885_5P	51		Rejected!	
MIR4274	62		Rejected!	
MIR6076	51		Rejected!	
MIR4320	58		Rejected!	
MIR575	53		Rejected!	
MIR431_5P	60		Rejected!	
MIR921	61		Rejected!	
MIR6878_3P	69		Rejected!	
MIR6776_3P	63		Rejected!	
MIR4714_3P	56		Rejected!	
MIR380_5P	47		Rejected!	
MIR4715_3P	69		Rejected!	
MIR1287_5P	67		Rejected!	
MIR331_3P	63		Rejected!	
MIR5704	54		Rejected!	
MIR512_5P	59		Rejected!	
MIR3654	46		Rejected!	
MIR552_3P	59		Rejected!	
MIR1288_3P	46		Rejected!	
MIR203B_5P	72		Rejected!	
MIR3936	35		Rejected!	
MIR6772_5P	34		Rejected!	
MIR374C_3P	53		Rejected!	
MIR6838_3P	61		Rejected!	
MIR6757_5P	57		Rejected!	
MIR340_3P	50		Rejected!	
MIR504_5P	57		Rejected!	
MIR764	48		Rejected!	
MIR924	51		Rejected!	
MIR218_2_3P	48		Rejected!	
MIR635	50		Rejected!	
MIR1914_5P	66		Rejected!	
MIR4725_5P	56		Rejected!	
MIR7702	54		Rejected!	
MIR619_3P	60		Rejected!	
MIR5009_5P	59		Rejected!	
MIR1225_3P	64		Rejected!	
MIR6502_5P	53		Rejected!	
MIR6861_3P	49		Rejected!	
MIR4529_5P	51		Rejected!	
MIR640	56		Rejected!	
MIR548AT_3P	60		Rejected!	
MIR377_5P	56		Rejected!	
MIR6718_5P	71		Rejected!	
MIR3663_5P	52		Rejected!	
MIR2909	49		Rejected!	
MIR4675	45		Rejected!	
MIR1301_5P	52		Rejected!	
MIR5189_3P	56		Rejected!	
MIR101_5P	44		Rejected!	
MIR214_5P	55		Rejected!	
MIR10397_3P	47		Rejected!	
MIR7705	50		Rejected!	
MIR3198	51		Rejected!	
MIR4268	60		Rejected!	
MIR450B_3P	45		Rejected!	
MIR500B_5P	57		Rejected!	
MIR210_5P	56		Rejected!	
MIR3690	54		Rejected!	
MIR519E_3P	66		Rejected!	
MIR296_5P	54		Rejected!	
MIR4253	51		Rejected!	
MIR6514_5P	54		Rejected!	
MIR676_3P	52		Rejected!	
MIR6826_5P	40		Rejected!	
MIR1231	52		Rejected!	
MIR1245B_5P	61		Rejected!	
MIR6777_3P	54		Rejected!	
MIR362_5P	56		Rejected!	
MIR6502_3P	56		Rejected!	
MIR4540	50		Rejected!	
MIR7114_3P	46		Rejected!	
MIR515_3P	67		Rejected!	
MIR6862_5P	50		Rejected!	
MIR5007_5P	58		Rejected!	
MIR874_3P	54		Rejected!	
MIR6822_3P	54		Rejected!	
MIR3199	45		Rejected!	
MIR6086	52		Rejected!	
MIR1265	45		Rejected!	
MIR3144_5P	52		Rejected!	
MIR6834_3P	48		Rejected!	
MIR33B_3P	66		Rejected!	
MIR6800_5P	44		Rejected!	
MIR6888_5P	53		Rejected!	
MIR3691_5P	45		Rejected!	
MIR668_3P	61		Rejected!	
MIR3146	50		Rejected!	
MIR6836_3P	56		Rejected!	
MIR490_5P	45		Rejected!	
MIR378H	42		Rejected!	
MIR203A_5P	60		Rejected!	
MIR5011_3P	57		Rejected!	
MIR4489	55		Rejected!	
MIR4309	47		Rejected!	
MIR4759	51		Rejected!	
MIR3667_5P	57		Rejected!	
MIR3650	60		Rejected!	
MIR4765	54		Rejected!	
MIR5192	48		Rejected!	
MIR3142	57		Rejected!	
MIR18B_3P	52		Rejected!	
MIR24_1_5P_MIR24_2_5P	47		Rejected!	
MIR4758_3P	54		Rejected!	
MIR4280	49		Rejected!	
MIR5186	37		Rejected!	
MIR1289	59		Rejected!	
MIR7975	43		Rejected!	
MIR4763_5P	55		Rejected!	
MIR8052	43		Rejected!	
MIR379_5P	45		Rejected!	
MIR3151_5P	52		Rejected!	
MIR6855_3P	48		Rejected!	
MIR6821_3P	50		Rejected!	
MIR4494	57		Rejected!	
MIR3907	53		Rejected!	
MIR875_5P	52		Rejected!	
MIR708_5P	49		Rejected!	
MIR6080	48		Rejected!	
MIR3657	55		Rejected!	
MIR411_5P	48		Rejected!	
MIR135A_2_3P	51		Rejected!	
MIR548AY_3P	57		Rejected!	
MIR376B_5P_MIR376C_5P	47		Rejected!	
MIR1306_5P	51		Rejected!	
MIR6865_3P	45		Rejected!	
MIR2114_3P	42		Rejected!	
MIR135B_3P	50		Rejected!	
MIR4265	38		Rejected!	
MIR490_3P	49		Rejected!	
MIR4769_5P	42		Rejected!	
MIR28_5P	48		Rejected!	
MIR1238_5P_MIR4758_5P	45		Rejected!	
MIR4688	47		Rejected!	
MIR3927_5P	41		Rejected!	
MIR5588_3P	45		Rejected!	
MIR4259	26		Rejected!	
MIR3165	37		Rejected!	
MIR4322	37		Rejected!	
MIR625_3P	51		Rejected!	
MIR4421	55		Rejected!	
MIR378E	41		Rejected!	
MIR4301	37		Rejected!	
MIR1915_5P	46		Rejected!	
MIR4506	43		Rejected!	
MIR27B_5P	44		Rejected!	
MIR5571_3P	48		Rejected!	
MIR3115	39		Rejected!	
MIR5194	43		Rejected!	
MIR943	56		Rejected!	
MIR378A_3P_MIR378C_MIR378D_MIR378I	41		Rejected!	
MIR6798_3P	39		Rejected!	
MIR324_5P	44		Rejected!	
MIR1269A_MIR1269B	52		Rejected!	
MIR6747_5P	41		Rejected!	
MIR6802_3P	42		Rejected!	
MIR378B	40		Rejected!	
MIR422A	40		Rejected!	
MIR556_5P	42		Rejected!	
MIR6769A_5P	48		Rejected!	
MIR5002_3P	51		Rejected!	
MIR3945	41		Rejected!	
MIR3151_3P	42		Rejected!	
MIR4312	47		Rejected!	
MIR6879_3P	46		Rejected!	
MIR1911_3P	46		Rejected!	
MIR378F	39		Rejected!	
MIR769_5P	48		Rejected!	
MIR323A_5P	45		Rejected!	
MIR219B_5P	51		Rejected!	
MIR1225_5P	33		Rejected!	
MIR193A_5P	44		Rejected!	
MIR4536_5P	45		Rejected!	
MIR6742_5P	45		Rejected!	
MIR6790_5P	49		Rejected!	
MIR1287_3P	36		Rejected!	
MIR3619_3P	49		Rejected!	
MIR6085	39		Rejected!	
MIR920	52		Rejected!	
MIR6841_5P	40		Rejected!	
MIR92A_1_5P	46		Rejected!	
MIR6894_5P	47		Rejected!	
MIR7108_5P	48		Rejected!	
MIR1298_5P	43		Rejected!	
MIR1180_5P	38		Rejected!	
MIR4658	47		Rejected!	
MIR648	51		Rejected!	
MIR4776_5P	47		Rejected!	
MIR323B_5P	41		Rejected!	
MIR6726_5P	50		Rejected!	
MIR4713_3P	43		Rejected!	
MIR23B_5P	51		Rejected!	
MIR4433A_5P	46		Rejected!	
MIR6508_3P	49		Rejected!	
MIR12126	36		Rejected!	
MIR555	46		Rejected!	
MIR4529_3P	46		Rejected!	
MIR103B	42		Rejected!	
MIR410_5P	41		Rejected!	
MIR494_5P	41		Rejected!	
MIR6808_3P	41		Rejected!	
MIR1296_3P	39		Rejected!	
MIR6773_5P	39		Rejected!	
MIR4633_5P	46		Rejected!	
MIR1193	35		Rejected!	
MIR627_5P	42		Rejected!	
MIR4694_5P	40		Rejected!	
MIR6895_5P	46		Rejected!	
MIR7153_3P	51		Rejected!	
MIR550B_2_5P	48		Rejected!	
MIR3670	55		Rejected!	
MIR6784_3P	41		Rejected!	
MIR6743_5P	38		Rejected!	
MIR3135A	37		Rejected!	
MIR6819_3P	34		Rejected!	
MIR4482_5P	42		Rejected!	
MIR711	41		Rejected!	
MIR6813_5P	40		Rejected!	
MIR621	36		Rejected!	
MIR3174	42		Rejected!	
MIR6877_3P	33		Rejected!	
MIR656_5P	38		Rejected!	
MIR3117_3P	35		Rejected!	
MIR2681_3P	37		Rejected!	
MIR1298_3P	42		Rejected!	
MIR409_5P	40		Rejected!	
MIR424_3P	38		Rejected!	
MIR1909_5P	35		Rejected!	
MIR3675_5P	36		Rejected!	
MIR563	35		Rejected!	
MIR4703_3P	41		Rejected!	
MIR4661_5P	39		Rejected!	
MIR1229_5P	36		Rejected!	
MIR6813_3P	34		Rejected!	
MIR645	40		Rejected!	
MIR12114	43		Rejected!	
MIR652_5P	36		Rejected!	
MIR3943	42		Rejected!	
MIR215_5P	38		Rejected!	
MIR1245A	41		Rejected!	
MIR6874_5P	36		Rejected!	
MIR375_3P	40		Rejected!	
MIR15A_3P	38		Rejected!	
MIR609	34		Rejected!	
MIR6816_3P	34		Rejected!	
MIR6755_5P	35		Rejected!	
MIR135A_3P	36		Rejected!	
MIR3126_3P	44		Rejected!	
MIR192_5P	36		Rejected!	
MIR9900	44		Rejected!	
MIR4323	42		Rejected!	
MIR296_3P	36		Rejected!	
MIR4687_5P	44		Rejected!	
MIR7106_3P	48		Rejected!	
MIR548Q	46		Rejected!	
MIR1296_5P	33		Rejected!	
MIR4652_5P	37		Rejected!	
MIR4781_3P	39		Rejected!	
MIR208B_3P	45		Rejected!	
MIR4780	42		Rejected!	
MIR503_3P	39		Rejected!	
MIR12130	31		Rejected!	
MIR5591_3P	46		Rejected!	
MIR8079	37		Rejected!	
MIR6846_3P	26		Rejected!	
MIR208A_3P	44		Rejected!	
MIR6859_3P	37		Rejected!	
MIR328_3P	42		Rejected!	
MIR6890_5P	20		Rejected!	
MIR3157_3P	38		Rejected!	
MIR3529_5P	34		Rejected!	
MIR5088_5P	39		Rejected!	
MIR151A_3P	34		Rejected!	
MIR2114_5P	35		Rejected!	
MIR7973	46		Rejected!	
MIR758_5P	34		Rejected!	
MIR6805_5P	40		Rejected!	
MIR3158_3P	39		Rejected!	
MIR8071	34		Rejected!	
MIR4507	38		Rejected!	
MIR10400_3P_MIR4674	37		Rejected!	
MIR3085_5P	37		Rejected!	
MIR5684	41		Rejected!	
MIR6738_5P	31		Rejected!	
MIR3940_5P	37		Rejected!	
MIR1178_5P	35		Rejected!	
MIR6782_5P	39		Rejected!	
MIR548AD_3P	26		Rejected!	
MIR769_3P	31		Rejected!	
MIR601	39		Rejected!	
MIR8058	43		Rejected!	
MIR27A_5P	38		Rejected!	
MIR3622A_5P	44		Rejected!	
MIR663B	38		Rejected!	
MIR10A_3P	26		Rejected!	
MIR5010_5P	38		Rejected!	
MIR615_5P	38		Rejected!	
MIR1914_3P	29		Rejected!	
MIR4999_3P	38		Rejected!	
MIR6735_3P	35		Rejected!	
MIR4633_3P_MIR6500_5P	37		Rejected!	
MIR3684	30		Rejected!	
MIR4525	37		Rejected!	
MIR4750_3P	38		Rejected!	
MIR23A_5P	37		Rejected!	
MIR4278	35		Rejected!	
MIR5191	29		Rejected!	
MIR6732_5P	27		Rejected!	
MIR1911_5P	27		Rejected!	
MIR3681_5P	36		Rejected!	
MIR6835_5P	33		Rejected!	
MIR4800_5P	25		Rejected!	
MIR3147	36		Rejected!	
MIR4751	36		Rejected!	
MIR4433B_3P	33		Rejected!	
MIR4423_5P	28		Rejected!	
MIR6862_3P	29		Rejected!	
MIR6503_3P	31		Rejected!	
MIR454_5P	25		Rejected!	
MIR6849_5P	33		Rejected!	
MIR4535	29		Rejected!	
MIR371B_3P	39		Rejected!	
MIR4486	34		Rejected!	
MIR6069	29		Rejected!	
MIR554	21		Rejected!	
MIR3680_5P	34		Rejected!	
MIR492	24		Rejected!	
MIR1238_3P	32		Rejected!	
MIR4732_5P	22		Rejected!	
MIR4727_3P	31		Rejected!	
MIR8078	29		Rejected!	
MIR151A_5P_MIR151B	11		Rejected!	
MIR325	30		Rejected!	
MIR6802_5P	28		Rejected!	
MIR365B_5P	32		Rejected!	
MIR1182	30		Rejected!	
MIR7160_3P	30		Rejected!	
MIR6082	17		Rejected!	
MIR596	32		Rejected!	
MIR12121	27		Rejected!	
MIR365A_5P	31		Rejected!	
MIR4661_3P	32		Rejected!	
MIR6800_3P	29		Rejected!	
MIR6767_3P	26		Rejected!	
MIR7848_3P	28		Rejected!	
MIR6724_5P	23		Rejected!	
MIR4453	27		Rejected!	
MIR1295B_3P	21		Rejected!	
MIR3180_MIR3180_3P	20		Rejected!	
MIR3649	21		Rejected!	
MIR4538	27		Rejected!	
MIR6787_5P	27		Rejected!	
MIR3677_5P	27		Rejected!	
MIR659_5P	26		Rejected!	
MIR3191_3P	22		Rejected!	
MIR6753_5P	25		Rejected!	
MIR3200_3P	28		Rejected!	
MIR744_5P	12		Rejected!	
MIR6816_5P	19		Rejected!	
MIR885_3P	29		Rejected!	
MIR5195_5P	20		Rejected!	
MIR3162_3P	20		Rejected!	
MIR4484	33		Rejected!	
MIR6741_5P	22		Rejected!	
MIR1282	20		Rejected!	
MIR1251_5P	27		Rejected!	
MIR8086	23		Rejected!	
MIR6789_5P	22		Rejected!	
MIR1468_5P	14		Rejected!	
MIR191_5P	20		Rejected!	
MIR1277_3P	14		Rejected!	
MIR3196	19		Rejected!	
MIR4313	28		Rejected!	
MIR5687	20		Rejected!	
MIR517A_3P_MIR517B_3P_MIR517C_3P	19		Rejected!	
MIR10396B_5P	19		Rejected!	
MIR4790_5P	16		Rejected!	
MIR4697_5P	19		Rejected!	
MIR4512	22		Rejected!	
MIR663A	17		Rejected!	
MIR4640_3P	16		Rejected!	
MIR564	15		Rejected!	
MIR548AO_3P	20		Rejected!	
MIR3651	20		Rejected!	
MIR339_3P	6		Rejected!	
MIR604	16		Rejected!	
MIR1908_5P	16		Rejected!	
MIR1281	13		Rejected!	
MIR3678_5P	14		Rejected!	
MIR4462	15		Rejected!	
MIR598_5P	5		Rejected!	
MIR6889_5P	13		Rejected!	
MIR6769A_3P	19		Rejected!	
MIR139_3P	16		Rejected!	
MIR1237_5P_MIR4488	17		Rejected!	
MIR8088	7		Rejected!	
MIR524_3P_MIR525_3P	13		Rejected!	
MIR6863	10		Rejected!	
MIR4536_3P	22		Rejected!	
MIR4707_5P	9		Rejected!	
MIR210_3P	12		Rejected!	
MIR6506_3P	6		Rejected!	
MIR2277_3P	17		Rejected!	
MIR1292_5P	17		Rejected!	
MIR933	6		Rejected!	
MIR181C_3P	12		Rejected!	
MIR4730	7		Rejected!	
MIR4281	21		Rejected!	
MIR1470	14		Rejected!	
MIR598_3P	10		Rejected!	
MIR4787_5P	7		Rejected!	
MIR8074	18		Rejected!	
MIR128_1_5P	14		Rejected!	
MIR548AL	12		Rejected!	
MIR6795_3P	14		Rejected!	
MIR6765_5P	7		Rejected!	
MIR3960_MIR8072	18		Rejected!	
MIR100_5P_MIR99A_5P_MIR99B_5P	18		Rejected!	
MIR7112_5P	7		Rejected!	
MIR128_2_5P	13		Rejected!	
MIR4445_3P	11		Rejected!	
MIR4315	6		Rejected!	
MIR136_3P	9		Rejected!	
MIR6854_3P	11		Rejected!	
MIR4497	8		Rejected!	
MIR10396A_5P	9		Rejected!	
MIR6089	16		Rejected!	
MIR7108_3P	13		Rejected!	
MIR483_5P	7		Rejected!	
MIR6729_5P	10		Rejected!	
MIR10399_3P	8		Rejected!	
MIR7706	11		Rejected!	
MIR122_3P	8		Rejected!	
MIR6125	9		Rejected!	
MIR6820_5P	11		Rejected!	
MIR4520_5P	6		Rejected!	
MIR4798_3P	12		Rejected!	
MIR4442	5		Rejected!	
MIR1180_3P	6		Rejected!	
MIR4781_5P	7		Rejected!	
MIR3193	7		Rejected!	
MIR371A_3P	9		Rejected!	
MIR6090	10		Rejected!	
MIR95_3P	6		Rejected!	
MIR487B_3P	9		Rejected!	
MIR433_5P	7		Rejected!	
LET_7D_3P	9		Rejected!	
MIR3912_3P	5		Rejected!	
MIR4485_5P	8		Rejected!	
MIR4669	11		Rejected!	
MIR602	8		Rejected!	
MIR887_3P	6		Rejected!	
MIR5739	7		Rejected!	
MIR553	14		Rejected!	
MIR92B_5P	8		Rejected!	
MIR11401	10		Rejected!	
MIR4746_5P	9		Rejected!	
MIR6814_3P_MIR6872_5P	7		Rejected!	
MIR184	9		Rejected!	
MIR10392_3P	6		Rejected!	
MIR8053	6		Rejected!	
MIR132_5P	8		Rejected!	
MIR6788_3P	6		Rejected!	
MIR147B_3P	6		Rejected!	
MIR11400	8		Rejected!	
MIR1204	6		Rejected!	
MIR1268A_MIR1268B	7		Rejected!	
MIR6853_5P	8		Rejected!	
MIR3615	9		Rejected!	
MIR5092	8		Rejected!	
MIR10401_3P	7		Rejected!	
MIR6886_5P	8		Rejected!	
MIR4804_5P	9		Rejected!	
MIR6777_5P	7		Rejected!	
MIR1537_3P	9		Rejected!	
MIR551A_MIR551B_3P	5		Rejected!	
MIR10398_3P	5		Rejected!	
MIR4649_5P	8		Rejected!	
MIR1539	5		Rejected!	
MIR1250_5P	7		Rejected!	
MIR518A_3P_MIR518B_MIR518C_3P_MIR518D_3P_MIR518F_3P_MIR526A_3P	8		Rejected!	
MIR381_5P	7		Rejected!	
MIR4671_5P	8		Rejected!	
MIR1973	6		Rejected!	
MIR5705	5		Rejected!	
MIR4740_3P	7		Rejected!	
MIR6775_5P	6		Rejected!	
MIR3197	5		Rejected!	
MIR3186_5P	5		Rejected!	
MIR6774_3P	6		Rejected!	
MIR3683	5		Rejected!	
MIR181A_3P	7		Rejected!	
MIR4636	5		Rejected!	
MIR7704	6		Rejected!	
MIR4321	6		Rejected!	
MIR3677_3P	5		Rejected!	
MIR615_3P	6		Rejected!	
MIR4681	5		Rejected!	
MIR6717_5P	5		Rejected!	
MIR3177_3P	8		Rejected!	
MIR101_2_5P	6		Rejected!	
MIR196B_3P	6		Rejected!	
MIR4258	6		Rejected!	
MIR4537	6		Rejected!	
MIR516A_5P	6		Rejected!	
MIR1247_5P	5		Rejected!	
MIR4737	5		Rejected!	
MIR105_3P	5		Rejected!	
MIR662	5		Rejected!	
MIR4444	6		Rejected!	
MIR1273C	7		Rejected!	
MIR652_3P	5		Rejected!	
MIR1203	5		Rejected!	
MIR127_3P	6		Rejected!	
MIR10396A_3P_MIR10396B_3P	5		Rejected!	
MIR6746_5P	5		Rejected!	
MIR25_5P	6		Rejected!	
LET_7E_3P	5		Rejected!	
MIR6770_3P	5		Rejected!	
MIR9899	6		Rejected!	
MIR412_5P	5		Rejected!	
MIR451A	7		Rejected!	
MIR574_3P	5		Rejected!	
MIR4749_5P	5		Rejected!	
MIR6741_3P	5		Rejected!	
MIR4638_5P	5		Rejected!	
MIR6790_3P	5		Rejected!	
MIR4440	5		Rejected!	
LET_7I_3P	5		Rejected!	
AGCACTT_MIR93_MIR302A_MIR302B_MIR302C_MIR302D_MIR372_MIR373_MIR520E_MIR520A_MIR526B_MIR520B_MIR520C_MIR520D	343	20		
CTACCTC_LET7A_LET7B_LET7C_LET7D_LET7E_LET7F_MIR98_LET7G_LET7I	390	25		
GCACTTT_MIR175P_MIR20A_MIR106A_MIR106B_MIR20B_MIR519D	596	33		
TGCTGCT_MIR15A_MIR16_MIR15B_MIR195_MIR424_MIR497	603	35		
TGTTTAC_MIR30A5P_MIR30C_MIR30D_MIR30B_MIR30E5P	580	37		
GTGCAAT_MIR25_MIR32_MIR92_MIR363_MIR367	310	26		
TGAATGT_MIR181A_MIR181B_MIR181C_MIR181D	488	36		
GCGCTTT_MIR518B_MIR518C_MIR518D	20		Rejected!	
TGGTGCT_MIR29A_MIR29B_MIR29C	520	42		
TGCACTG_MIR148A_MIR152_MIR148B	307	20		
CACTGCC_MIR34A_MIR34C_MIR449	281	19		
TACGGGT_MIR99A_MIR100_MIR99B	23		Rejected!	
CTCTAGA_MIR526C_MIR518F_MIR526A	58		Rejected!	
TTGCACT_MIR130A_MIR301_MIR130B	405	23		
TGCACTT_MIR519C_MIR519B_MIR519A	449	25		
AGCGCTT_MIR518F_MIR518E_MIR518A	18		Rejected!	
CAGTATT_MIR200B_MIR200C_MIR429	468	40		
ACATTCC_MIR1_MIR206	301	17		
AAGTCCA_MIR422B_MIR422A	71		Rejected!	
AAAGGGA_MIR204_MIR211	225	20		
AATGTGA_MIR23A_MIR23B	422	30		
CACTGTG_MIR128A_MIR128B	340	25		
ACTGAAA_MIR30A3P_MIR30E3P	202		Rejected!	
CTCAGGG_MIR125B_MIR125A	330	16		
TACTTGA_MIR26A_MIR26B	301	19		
TCTATGA_MIR376A_MIR376B	85		Rejected!	
GTATGAT_MIR154_MIR487	70		Rejected!	
CAGTGTT_MIR141_MIR200A	310	27		
AGTTCTC_MIR146A_MIR146B	59		Rejected!	
TAGGTCA_MIR192_MIR215	47		Rejected!	
ATGTAGC_MIR221_MIR222	140		Rejected!	
ACTGTGA_MIR27A_MIR27B	475	42		
TGCACGA_MIR517A_MIR517C	18		Rejected!	
TTTGCAC_MIR19A_MIR19B	517	36		
ACTACCT_MIR196A_MIR196B	145	16		
TTGGAGA_MIR5155P_MIR519E	149		Rejected!	
CACTTTG_MIR520G_MIR520H	239		Rejected!	
GGGACCA_MIR133A_MIR133B	202		Rejected!	
GACTGTT_MIR212_MIR132	160	19		
AAGCCAT_MIR135A_MIR135B	335	24		
ATGCTGC_MIR103_MIR107	217		Rejected!	
ACAGGGT_MIR10A_MIR10B	122		Rejected!	
CTCTGGA_MIR520A_MIR525	158		Rejected!	
GCGCCTT_MIR525_MIR524	15		Rejected!	
ACACTGG_MIR199A_MIR199B	159		Rejected!	
GCACCTT_MIR18A_MIR18B	119		Rejected!	
GGCCAGT_MIR193A_MIR193B	88		Rejected!	
CGCTGCT_MIR503	24		Rejected!	
TCTGATC_MIR383	50		Rejected!	
GTGCCTT_MIR506	728	44		
ACAACTT_MIR382	72		Rejected!	
ATGTTAA_MIR302C	242		Rejected!	
GGATCCG_MIR127	11		Rejected!	
CATTTCA_MIR203	289	24		
TCCAGAT_MIR5165P	108		Rejected!	
AGTCAGC_MIR345	59		Rejected!	
ACACTCC_MIR122A	75		Rejected!	
GTGTGAG_MIR342	68		Rejected!	
CTAGGAA_MIR384	64		Rejected!	
CTATGCA_MIR153	218	16		
AGGGCAG_MIR18A	138		Rejected!	
GTGCCAT_MIR183	172		Rejected!	
ACTGCAG_MIR173P	110		Rejected!	
GTTTGTT_MIR495	258	19		
TATTATA_MIR374	285	26		
CTTGTAT_MIR381	204	16		
AAAGGAT_MIR501	127	15		
GGGGCCC_MIR296	73		Rejected!	
CTACTGT_MIR199A	183		Rejected!	
CAAGGAT_MIR362	66		Rejected!	
GTGTTGA_MIR505	104		Rejected!	
ATACTGT_MIR144	198	17		
TGTATGA_MIR4853P	155		Rejected!	
GTATTAT_MIR3693P	208		Rejected!	
TCCCCAC_MIR491	60		Rejected!	
GCTTGAA_MIR498	113		Rejected!	
GTGGTGA_MIR197	72		Rejected!	
GGGCATT_MIR365	108		Rejected!	
TGAGATT_MIR216	106		Rejected!	
GTCAACC_MIR3805P	22		Rejected!	
GGTGAAG_MIR412	62		Rejected!	
AGGGCCA_MIR328	80		Rejected!	
GTGACTT_MIR224	157	18		
GAGACTG_MIR452	94		Rejected!	
CAGGGTC_MIR504	84		Rejected!	
GCTCTTG_MIR335	87		Rejected!	
TCGATGG_MIR213	6		Rejected!	
GTCTTCC_MIR7	169		Rejected!	
TCTAGAG_MIR517	46		Rejected!	
GGCAGAC_MIR346	44		Rejected!	
AGGCACT_MIR5153P	89		Rejected!	
ATAGGAA_MIR202	102		Rejected!	
CCAGGTT_MIR490	65		Rejected!	
TTGCCAA_MIR182	329	21		
CGGTGTG_MIR220	6		Rejected!	
TAGCTTT_MIR9	235	20		
CTGAGCC_MIR24	232	16		
TTGGGAG_MIR150	90		Rejected!	
AAACCAC_MIR140	110		Rejected!	
CCCACAT_MIR2993P	54		Rejected!	
ATGTTTC_MIR494	164		Rejected!	
GTACTGT_MIR101	255	16		
CAGGTCC_MIR492	63		Rejected!	
GAGCCTG_MIR484	106		Rejected!	
GTAAGAT_MIR200A	54		Rejected!	
TCCGTCC_MIR184	13		Rejected!	
CACGTTT_MIR302A	31		Rejected!	
TATCTGG_MIR488	61		Rejected!	
AGGAAGC_MIR5163P	123		Rejected!	
ATATGCA_MIR448	211		Rejected!	
AATGGAG_MIR136	80		Rejected!	
CCTGTGA_MIR513	125		Rejected!	
AACGGTT_MIR451	12		Rejected!	
ATGAAGG_MIR205	157		Rejected!	
CTCAAGA_MIR526B	75		Rejected!	
GGCAGCT_MIR22	231	28		
TCTGGAC_MIR198	84		Rejected!	
CAGCTTT_MIR320	254	15		
CCATCCA_MIR432	59		Rejected!	
CATGTAA_MIR496	175		Rejected!	
AAGCACA_MIR218	400	28		
GCAAGAC_MIR431	45		Rejected!	
ATGTCAC_MIR489	89		Rejected!	
CCTGCTG_MIR214	242		Rejected!	
GTCTACC_MIR379	23		Rejected!	
CTACTAG_MIR325	18		Rejected!	
CCTGAGT_MIR510	42		Rejected!	
GACAGGG_MIR339	67		Rejected!	
ATACCTC_MIR202	178		Rejected!	
GGCAGTG_MIR3243P	96		Rejected!	
GAGCCAG_MIR149	146		Rejected!	
TCTCTCC_MIR185	124		Rejected!	
AGCATTA_MIR155	134	15		
GCAAAAA_MIR129	185		Rejected!	
GGCACAT_MIR455	59		Rejected!	
GTCGATC_MIR3695P	5		Rejected!	
CTTTGTA_MIR524	435	43		
CTGTTAC_MIR194	108		Rejected!	
ATGCAGT_MIR217	114		Rejected!	
ATGCTGG_MIR338	114		Rejected!	
ACATATC_MIR190	60		Rejected!	
CTCCAAG_MIR432	83		Rejected!	
AAGCAAT_MIR137	223		Rejected!	
ACCAAAG_MIR9	501	34		
TTTGTAG_MIR520D	335	30		
TGCCTTA_MIR124A	553	38		
AACTGAC_MIR223	98		Rejected!	
AAAGACA_MIR511	204	17		
ATAAGCT_MIR21	118		Rejected!	
TCTGATA_MIR361	92		Rejected!	
TACAATC_MIR508	67		Rejected!	
ACTTTAT_MIR1425P	289	26		
TTTGCAG_MIR518A2	211		Rejected!	
AACATTC_MIR4093P	143		Rejected!	
ACAACCT_MIR453	43		Rejected!	
GTGCCAA_MIR96	304	23		
TCATCTC_MIR143	148		Rejected!	
GAGCTGG_MIR337	163		Rejected!	
AGTCTAG_MIR151	24		Rejected!	
AGTCTTA_MIR499	77		Rejected!	
CCCAGAG_MIR326	156		Rejected!	
GCTGAGT_MIR5125P	52		Rejected!	
ACCATTT_MIR522	162		Rejected!	
AGCTCCT_MIR28	91		Rejected!	
AGCGCAG_MIR191	13		Rejected!	
ACTGCCT_MIR34B	220		Rejected!	
GTTAAAG_MIR302B	69		Rejected!	
GACAATC_MIR219	143		Rejected!	
CGCAAAA_MIR450	9		Rejected!	
AACTGGA_MIR145	235	17		
AAGCACT_MIR520F	238	15		
AGGAGTG_MIR483	66		Rejected!	
GTGTCAA_MIR514	61		Rejected!	
GCAAGGA_MIR502	71		Rejected!	
AGGTGCA_MIR500	97		Rejected!	
ACTGTAG_MIR139	123		Rejected!	
GTGCAAA_MIR507	128		Rejected!	
TGCTTTG_MIR330	333	23		
TTTTGAG_MIR373	225	15		
TAGAACC_MIR182	39		Rejected!	
GGGATGC_MIR3245P	49		Rejected!	
CCAGGGG_MIR331	96		Rejected!	
ACCAATC_MIR509	48		Rejected!	
GGCACTT_MIR519E	124		Rejected!	
ATGTACA_MIR493	316	16		
GCATTTG_MIR105	173		Rejected!	
CAGTCAC_MIR134	52		Rejected!	
TCCAGAG_MIR518C	148		Rejected!	
CACCAGC_MIR138	227		Rejected!	
CAGCACT_MIR5123P	154		Rejected!	
GTACAGG_MIR486	58		Rejected!	
GTTATAT_MIR410	93		Rejected!	
GTCAGGA_MIR378	59		Rejected!	
ACACTAC_MIR1423P	130		Rejected!	
ATTCTTT_MIR186	270	16		
CTCTATG_MIR368	40		Rejected!	
ACCGAGC_MIR423	8		Rejected!	
TGTGTGA_MIR377	200	17		
ATCATGA_MIR433	114		Rejected!	
CAGCAGG_MIR370	155		Rejected!	
CTTTGCA_MIR527	235	16		
GGTGTGT_MIR329	111		Rejected!	
ATTACAT_MIR3803P	102		Rejected!	
CGTCTTA_MIR208	8		Rejected!	
ATCTTGC_MIR31	77		Rejected!	
AAGGGAT_MIR188	75		Rejected!	
TGCAAAC_MIR452	109		Rejected!	
CAGCCTC_MIR4855P	146		Rejected!	
GTAAACC_MIR2995P	48		Rejected!	
GGTAACC_MIR4095P	33		Rejected!	
TAATAAT_MIR126	222	22		
ATGCACG_MIR517B	20		Rejected!	
CCACACA_MIR147	63		Rejected!	
TAATGTG_MIR323	162		Rejected!	
TTCCGTT_MIR191	29		Rejected!	
AGTGCGT_MIR521	6		Rejected!	
CAATGCA_MIR33	93		Rejected!	
GTAGGCA_MIR189	28		Rejected!	
METHYLCYTOSINE_DIOXYGENASE_TET_UNIPROT_A0A023HHK9_UNREVIEWED_TARGET_GENES	177		Rejected!	
IGLV5_37_TARGET_GENES	636	62		
BDP1_TARGET_GENES	918	57		
ZSCAN5C_TARGET_GENES	147		Rejected!	
SMCHD1_TARGET_GENES	72		Rejected!	
ZSCAN5B_TARGET_GENES	84		Rejected!	
AHRR_TARGET_GENES	1376	69		
OVOL3_TARGET_GENES	508	19		
FOXE1_TARGET_GENES	728	76		
FOXN3_TARGET_GENES	1502	71		
KMT2D_TARGET_GENES	796	64		
ZNF197_TARGET_GENES	655	38		
PRMT5_TARGET_GENES	102		Rejected!	
TERT_TARGET_GENES	127		Rejected!	
ZNF213_TARGET_GENES	595	24		
XPO1_TARGET_GENES	29		Rejected!	
SETD1A_TARGET_GENES	1428	49		
ZBTB5_TARGET_GENES	182		Rejected!	
TBX3_TARGET_GENES	351	23		
ZBTB7B_TARGET_GENES	1935	76		
TP73_TARGET_GENES	875	45		
FOXP2_TARGET_GENES	1931	100		
NKX2_8_TARGET_GENES	41		Rejected!	
MAFG_TARGET_GENES	1893	123		
PER1_TARGET_GENES	33		Rejected!	
ZBTB24_TARGET_GENES	1595	78		
HOXC11_TARGET_GENES	54		Rejected!	
HOXA2_TARGET_GENES	1586	72		
TBX1_TARGET_GENES	188	22		
CBFA2T2_TARGET_GENES	1694	96		
LAMTOR5_TARGET_GENES	5		Rejected!	
CREB3_TARGET_GENES	404	17		
SOX15_TARGET_GENES	5		Rejected!	
ZNF292_TARGET_GENES	24		Rejected!	
SYNCRIP_TARGET_GENES	21		Rejected!	
CREBL2_TARGET_GENES	11		Rejected!	
FOXD2_TARGET_GENES	1253	71		
LMX1B_TARGET_GENES	30		Rejected!	
ZNF354A_TARGET_GENES	31		Rejected!	
ZNF623_TARGET_GENES	95		Rejected!	
ZBED4_TARGET_GENES	171		Rejected!	
PHF2_TARGET_GENES	1485	91		
ZC3H11A_TARGET_GENES	593	23		
NR1I2_TARGET_GENES	342	19		
PSIP1_TARGET_GENES	63		Rejected!	
FOXH1_TARGET_GENES	924	61		
GCM2_TARGET_GENES	1980	105		
WDHD1_TARGET_GENES	203		Rejected!	
KLF7_TARGET_GENES	925	57		
TOX4_TARGET_GENES	191		Rejected!	
NKX2_2_TARGET_GENES	1319	56		
ZNF202_TARGET_GENES	82		Rejected!	
PGM3_TARGET_GENES	269		Rejected!	
SVIL_TARGET_GENES	22		Rejected!	
WIZ_TARGET_GENES	19		Rejected!	
SNAI1_TARGET_GENES	509	30		
CBX7_TARGET_GENES	962	70		
PTTG1_TARGET_GENES	80		Rejected!	
HAND1_TARGET_GENES	481	26		
EGFR_TARGET_GENES	8		Rejected!	
F10_TARGET_GENES	277	20		
HBZ_TARGET_GENES	778	55		
NPM1_TARGET_GENES	356	27		
GLI1_TARGET_GENES	617	43		
SNRNP70_TARGET_GENES	1009	76		
HMGB1_TARGET_GENES	1523	92		
HOXB7_TARGET_GENES	27		Rejected!	
HOXC6_TARGET_GENES	1197	52		
ZSCAN5DP_TARGET_GENES	1363	70		
GLI3_TARGET_GENES	742	42		
GLI4_TARGET_GENES	855	35		
MYBL1_TARGET_GENES	200	17		
RARB_TARGET_GENES	7		Rejected!	
THRA_TARGET_GENES	110		Rejected!	
MTHFD1_TARGET_GENES	12		Rejected!	
SKIL_TARGET_GENES	1946	108		
ZNF250_TARGET_GENES	505	23		
RAG1_TARGET_GENES	1046	67		
YBX3_TARGET_GENES	54		Rejected!	
ZNF708_TARGET_GENES	96		Rejected!	
ZNF16_TARGET_GENES	77		Rejected!	
ZNF19_TARGET_GENES	13		Rejected!	
ZNF20_TARGET_GENES	6		Rejected!	
ZNF22_TARGET_GENES	1190	88		
ZNF23_TARGET_GENES	16		Rejected!	
ZNF26_TARGET_GENES	29		Rejected!	
ZNF37A_TARGET_GENES	156		Rejected!	
ZNF30_TARGET_GENES	1540	62		
HMGA1_TARGET_GENES	1224	56		
ZNF7_TARGET_GENES	903	64		
ZNF8_TARGET_GENES	1048	48		
HOXB4_TARGET_GENES	1174	48		
HOXB6_TARGET_GENES	638	32		
PTPRA_TARGET_GENES	129		Rejected!	
ADCYAP1_TARGET_GENES	11		Rejected!	
ATF6_TARGET_GENES	1063	50		
TFEB_TARGET_GENES	1387	91		
NR1D1_TARGET_GENES	120		Rejected!	
ZNF10_TARGET_GENES	821	44		
NME2_TARGET_GENES	70		Rejected!	
H1_6_TARGET_GENES	527	43		
MYF6_TARGET_GENES	17		Rejected!	
PAX7_TARGET_GENES	712	43		
PAX3_TARGET_GENES	1807	81		
MCM3_TARGET_GENES	189		Rejected!	
NFKBIA_TARGET_GENES	1317	77		
DNMT1_TARGET_GENES	181	15		
PAX6_TARGET_GENES	768	61		
HMGB2_TARGET_GENES	400	26		
MAPK3_TARGET_GENES	65		Rejected!	
RPA1_TARGET_GENES	56		Rejected!	
PSMB5_TARGET_GENES	307	71		
MSX1_TARGET_GENES	202		Rejected!	
SMARCA1_TARGET_GENES	136		Rejected!	
MZF1_TARGET_GENES	1451	73		
RBL1_TARGET_GENES	48		Rejected!	
GTF2E2_TARGET_GENES	411	43		
HOXA10_TARGET_GENES	273		Rejected!	
HOXA7_TARGET_GENES	115		Rejected!	
HOXA13_TARGET_GENES	55		Rejected!	
HOXC13_TARGET_GENES	121		Rejected!	
HOXD11_TARGET_GENES	148		Rejected!	
CIITA_TARGET_GENES	1214	51		
MCM5_TARGET_GENES	8		Rejected!	
PCGF2_TARGET_GENES	895	66		
RORA_TARGET_GENES	262		Rejected!	
MSX2_TARGET_GENES	11		Rejected!	
NUP214_TARGET_GENES	11		Rejected!	
SOX11_TARGET_GENES	44		Rejected!	
TCF7_TARGET_GENES	1987	128		
RBMX_TARGET_GENES	7		Rejected!	
CUX1_TARGET_GENES	641	37		
ID1_TARGET_GENES	1268	64		
SOX3_TARGET_GENES	550	28		
CASP3_TARGET_GENES	15		Rejected!	
RBM34_TARGET_GENES	1038	49		
NR4A2_TARGET_GENES	5		Rejected!	
CBX5_TARGET_GENES	869	43		
CDX1_TARGET_GENES	42		Rejected!	
HOXA1_TARGET_GENES	1090	41		
MCM2_TARGET_GENES	61		Rejected!	
NUP153_TARGET_GENES	1634	68		
ZNF165_TARGET_GENES	80		Rejected!	
MNX1_TARGET_GENES	5		Rejected!	
LHX2_TARGET_GENES	1177	62		
FXR1_TARGET_GENES	1011	47		
ZNF84_TARGET_GENES	2000	82		
BRCA2_TARGET_GENES	1416	70		
ZNF157_TARGET_GENES	61		Rejected!	
ZNF41_TARGET_GENES	98		Rejected!	
NR0B1_TARGET_GENES	233	15		
HDGF_TARGET_GENES	273	24		
GTF2A2_TARGET_GENES	522	74		
ZNF133_TARGET_GENES	154		Rejected!	
ZNF136_TARGET_GENES	9		Rejected!	
ZNF140_TARGET_GENES	562	36		
ZNF134_TARGET_GENES	864	54		
NKX2_5_TARGET_GENES	1231	65		
TERF1_TARGET_GENES	295	19		
F2RL1_TARGET_GENES	6		Rejected!	
CDH4_TARGET_GENES	84		Rejected!	
FOXG1_TARGET_GENES	587	26		
DLX6_TARGET_GENES	596	40		
HDAC4_TARGET_GENES	681	39		
SOX10_TARGET_GENES	301	16		
ZNF445_TARGET_GENES	8		Rejected!	
ISL1_TARGET_GENES	803	56		
TBPL1_TARGET_GENES	144		Rejected!	
SUMO1_TARGET_GENES	925	37		
UBE2I_TARGET_GENES	70		Rejected!	
YBX1_TARGET_GENES	74		Rejected!	
PITX1_TARGET_GENES	345		Rejected!	
SRPK2_TARGET_GENES	80		Rejected!	
IRX3_TARGET_GENES	52		Rejected!	
NKX6_1_TARGET_GENES	33		Rejected!	
PRKDC_TARGET_GENES	875	38		
FOXO4_TARGET_GENES	299		Rejected!	
TFAM_TARGET_GENES	59		Rejected!	
IRF9_TARGET_GENES	1857	91		
MDM2_TARGET_GENES	13		Rejected!	
SATB1_TARGET_GENES	1985	75		
EWSR1_TARGET_GENES	846	51		
GUCY1B1_TARGET_GENES	686	34		
ID2_TARGET_GENES	1086	38		
MAP2K1_TARGET_GENES	9		Rejected!	
TOP2B_TARGET_GENES	613	34		
HHEX_TARGET_GENES	1035	65		
LMNB2_TARGET_GENES	38		Rejected!	
CEBPZ_TARGET_GENES	1520	54		
ZNF85_TARGET_GENES	327	18		
HSF2_TARGET_GENES	246	20		
ZNF92_TARGET_GENES	1440	85		
EMX1_TARGET_GENES	226		Rejected!	
MXD1_TARGET_GENES	159		Rejected!	
MEF2C_TARGET_GENES	796	67		
PAX8_TARGET_GENES	88		Rejected!	
ZNF33A_TARGET_GENES	251	21		
ZFP36L1_TARGET_GENES	27		Rejected!	
DLX2_TARGET_GENES	287	16		
PPARA_TARGET_GENES	66		Rejected!	
ZNF816_TARGET_GENES	456	22		
DBP_TARGET_GENES	834	43		
GTF3C1_TARGET_GENES	7		Rejected!	
TFCP2_TARGET_GENES	75		Rejected!	
BPTF_TARGET_GENES	787	37		
FOXF1_TARGET_GENES	7		Rejected!	
FOXF2_TARGET_GENES	5		Rejected!	
FOXC1_TARGET_GENES	46		Rejected!	
CHAF1A_TARGET_GENES	97		Rejected!	
CHAF1B_TARGET_GENES	981	99		
RLF_TARGET_GENES	345		Rejected!	
ERCC8_TARGET_GENES	16		Rejected!	
SRSF9_TARGET_GENES	923	45		
NR5A1_TARGET_GENES	19		Rejected!	
SKP2_TARGET_GENES	69		Rejected!	
ATM_TARGET_GENES	16		Rejected!	
ZNF211_TARGET_GENES	7		Rejected!	
ILK_TARGET_GENES	25		Rejected!	
TCOF1_TARGET_GENES	14		Rejected!	
SNAPC2_TARGET_GENES	13		Rejected!	
SQSTM1_TARGET_GENES	51		Rejected!	
IRF5_TARGET_GENES	834	38		
DYRK1A_TARGET_GENES	774	31		
LAMB3_TARGET_GENES	9		Rejected!	
NCOA4_TARGET_GENES	833	54		
SAFB2_TARGET_GENES	808	36		
TFDP2_TARGET_GENES	5		Rejected!	
WRN_TARGET_GENES	15		Rejected!	
NPAT_TARGET_GENES	277		Rejected!	
E2F2_TARGET_GENES	1481	69		
CSHL1_TARGET_GENES	245		Rejected!	
NFE2L1_TARGET_GENES	1875	103		
NCOA6_TARGET_GENES	354	28		
MEF2D_TARGET_GENES	654	34		
ARID5B_TARGET_GENES	935	50		
ZNF169_TARGET_GENES	46		Rejected!	
ATXN7L3_TARGET_GENES	281	35		
ZNF146_TARGET_GENES	1277	56		
ZMYND11_TARGET_GENES	53		Rejected!	
E2F5_TARGET_GENES	1273	77		
SIX1_TARGET_GENES	376	26		
TERF2_TARGET_GENES	136		Rejected!	
TEAD2_TARGET_GENES	1494	76		
NCOA2_TARGET_GENES	530	34		
TRIP13_TARGET_GENES	96		Rejected!	
ELF2_TARGET_GENES	1492	53		
NAB2_TARGET_GENES	1512	73		
CEBPE_TARGET_GENES	35		Rejected!	
NEUROD2_TARGET_GENES	6		Rejected!	
ZFHX3_TARGET_GENES	1857	110		
ZNF239_TARGET_GENES	38		Rejected!	
POU2AF1_TARGET_GENES	922	60		
TAZ_TARGET_GENES	480	30		
SMN1_SMN2_TARGET_GENES	922	49		
ZSCAN26_TARGET_GENES	5		Rejected!	
RFX7_TARGET_GENES	500	18		
ZNF423_TARGET_GENES	1064	68		
ZNF791_TARGET_GENES	66		Rejected!	
ZNF528_TARGET_GENES	793	35		
ZSCAN23_TARGET_GENES	87		Rejected!	
ZNF260_TARGET_GENES	500	20		
ZNF404_TARGET_GENES	21		Rejected!	
ZBED5_TARGET_GENES	1001	59		
GREB1_TARGET_GENES	941	62		
ZNF585B_TARGET_GENES	130		Rejected!	
ZNF394_TARGET_GENES	383	27		
COBLL1_TARGET_GENES	149		Rejected!	
ZNF766_TARGET_GENES	1196	71		
ZNF667_TARGET_GENES	148		Rejected!	
SNAPC4_TARGET_GENES	138		Rejected!	
ZNF362_TARGET_GENES	628	35		
ZNF618_TARGET_GENES	1451	61		
ZNF697_TARGET_GENES	92		Rejected!	
ZNF318_TARGET_GENES	495	53		
ZNF776_TARGET_GENES	8		Rejected!	
ZNF626_TARGET_GENES	12		Rejected!	
ZNF660_TARGET_GENES	791	42		
HMBOX1_TARGET_GENES	1179	74		
ZNF746_TARGET_GENES	79		Rejected!	
ZNF774_TARGET_GENES	8		Rejected!	
CAVIN1_TARGET_GENES	90		Rejected!	
CDC73_TARGET_GENES	517	27		
CC2D1A_TARGET_GENES	1245	75		
ZNF529_TARGET_GENES	30		Rejected!	
NFRKB_TARGET_GENES	1843	96		
ZNF530_TARGET_GENES	6		Rejected!	
ZNF549_TARGET_GENES	594	31		
ZNF449_TARGET_GENES	1346	76		
CTR9_TARGET_GENES	66		Rejected!	
FOXR2_TARGET_GENES	234	16		
ZNF322_TARGET_GENES	940	55		
DPPA3_TARGET_GENES	8		Rejected!	
KDM7A_TARGET_GENES	1840	128		
AEBP2_TARGET_GENES	1033	48		
NFXL1_TARGET_GENES	369	31		
ZNF704_TARGET_GENES	66		Rejected!	
SRCAP_TARGET_GENES	530	28		
ZBTB49_TARGET_GENES	5		Rejected!	
TSHZ1_TARGET_GENES	191		Rejected!	
CREB3L2_TARGET_GENES	131		Rejected!	
MED25_TARGET_GENES	111		Rejected!	
ASXL2_TARGET_GENES	25		Rejected!	
SETX_TARGET_GENES	1946	86		
ZSCAN2_TARGET_GENES	908	42		
PBRM1_TARGET_GENES	8		Rejected!	
ZNF329_TARGET_GENES	586	26		
ZNF589_TARGET_GENES	688	30		
ZNF410_TARGET_GENES	623	35		
ZSCAN30_TARGET_GENES	1756	94		
CARM1_TARGET_GENES	13		Rejected!	
ZNF677_TARGET_GENES	133		Rejected!	
ZNF354C_TARGET_GENES	5		Rejected!	
ZNF584_TARGET_GENES	183		Rejected!	
ZNF547_TARGET_GENES	149		Rejected!	
ARID3B_TARGET_GENES	115		Rejected!	
ZSCAN29_TARGET_GENES	1888	90		
ZNF595_TARGET_GENES	90		Rejected!	
ZZZ3_TARGET_GENES	121	15		
ZNF34_TARGET_GENES	70		Rejected!	
ZNF101_TARGET_GENES	234		Rejected!	
SS18_SSX1_FUSION_UNIPROT_Q8IZH1_UNREVIEWED_TARGET_GENES	93		Rejected!	
ZNF654_TARGET_GENES	628	40		
MYOCD_TARGET_GENES	572	26		
MIER1_TARGET_GENES	375	29		
ZFP82_TARGET_GENES	44		Rejected!	
BCL6B_TARGET_GENES	168	15		
PIAS4_TARGET_GENES	78		Rejected!	
ZNF664_TARGET_GENES	985	65		
LCORL_TARGET_GENES	455	26		
PGBD5_TARGET_GENES	21		Rejected!	
ZNF843_TARGET_GENES	891	52		
RYBP_TARGET_GENES	1858	144		
ZNF561_TARGET_GENES	867	42		
PAF1_TARGET_GENES	77		Rejected!	
ZNF433_TARGET_GENES	66		Rejected!	
ZNF781_TARGET_GENES	204		Rejected!	
ZNF513_TARGET_GENES	772	43		
ZNF491_TARGET_GENES	10		Rejected!	
ZNF454_TARGET_GENES	19		Rejected!	
BANP_TARGET_GENES	748	23		
ZNF610_TARGET_GENES	894	49		
ZNF579_TARGET_GENES	652	27		
ZSCAN4_TARGET_GENES	1020	82		
KDM1B_TARGET_GENES	102		Rejected!	
ZNF784_TARGET_GENES	397		Rejected!	
HJURP_TARGET_GENES	28		Rejected!	
ZBTB44_TARGET_GENES	325	19		
ZNF740_TARGET_GENES	1306	77		
ZNF548_TARGET_GENES	45		Rejected!	
ZNF680_TARGET_GENES	631	31		
SUPT20H_TARGET_GENES	1281	39		
ZNF555_TARGET_GENES	75		Rejected!	
TET1_TARGET_GENES	855	39		
ZFP28_TARGET_GENES	126		Rejected!	
ZNF563_TARGET_GENES	646	31		
SNIP1_TARGET_GENES	771	51		
NKX2_3_TARGET_GENES	539	32		
ZSCAN18_TARGET_GENES	48		Rejected!	
BAHD1_TARGET_GENES	39		Rejected!	
ZNF502_TARGET_GENES	35		Rejected!	
ZNF596_TARGET_GENES	656	57		
ZNF507_TARGET_GENES	653	20		
KLF14_TARGET_GENES	253		Rejected!	
CREB3L4_TARGET_GENES	1418	72		
ZNF418_TARGET_GENES	43		Rejected!	
SETD7_TARGET_GENES	991	74		
AUTS2_TARGET_GENES	451	30		
JDP2_TARGET_GENES	1891	87		
HSD17B8_TARGET_GENES	659	45		
MAML1_TARGET_GENES	312	48		
ZNF592_TARGET_GENES	1890	96		
GTF3A_TARGET_GENES	77		Rejected!	
KAT2A_TARGET_GENES	1157	62		
DLX4_TARGET_GENES	857	38		
KAT5_TARGET_GENES	910	50		
BRF1_TARGET_GENES	64		Rejected!	
ZNF622_TARGET_GENES	68		Rejected!	
PBXIP1_TARGET_GENES	277	25		
PHF21A_TARGET_GENES	284		Rejected!	
ZNF669_TARGET_GENES	131		Rejected!	
CENPT_TARGET_GENES	83		Rejected!	
ZNF707_TARGET_GENES	53		Rejected!	
ZNF524_TARGET_GENES	355	21		
ZNF501_TARGET_GENES	13		Rejected!	
ZNF837_TARGET_GENES	9		Rejected!	
MCRS1_TARGET_GENES	39		Rejected!	
SIPA1_TARGET_GENES	147		Rejected!	
HMCES_TARGET_GENES	22		Rejected!	
ZNF274_TARGET_GENES	1098	57		
ZNF486_TARGET_GENES	294		Rejected!	
ZNF419_TARGET_GENES	8		Rejected!	
RBM17_TARGET_GENES	7		Rejected!	
RAX2_TARGET_GENES	72		Rejected!	
CHAMP1_TARGET_GENES	208	15		
ZFP91_TARGET_GENES	1442	80		
ZNF514_TARGET_GENES	8		Rejected!	
ZNF512B_TARGET_GENES	218		Rejected!	
ZNF354B_TARGET_GENES	204		Rejected!	
ZSCAN31_TARGET_GENES	927	36		
ZNF597_TARGET_GENES	877	65		
ZNF512_TARGET_GENES	441	33		
ZNF488_TARGET_GENES	44		Rejected!	
ZNF560_TARGET_GENES	50		Rejected!	
ZNF830_TARGET_GENES	283	18		
ZNF558_TARGET_GENES	312		Rejected!	
ZNF582_TARGET_GENES	75		Rejected!	
ZFP3_TARGET_GENES	355	23		
ZIM3_TARGET_GENES	1171	64		
LMTK3_TARGET_GENES	592	29		
ALKBH3_TARGET_GENES	438	16		
NR1H4_TARGET_GENES	315	21		
CIC_TARGET_GENES	411	27		
WRNIP1_TARGET_GENES	1000	66		
SRPK1_TARGET_GENES	342	15		
ATOH8_TARGET_GENES	36		Rejected!	
RBM15_TARGET_GENES	145	17		
INSM2_TARGET_GENES	836	44		
CDC5L_TARGET_GENES	334	20		
MPHOSPH8_TARGET_GENES	10		Rejected!	
FEV_TARGET_GENES	1658	60		
ZBTB18_TARGET_GENES	843	51		
PHB2_TARGET_GENES	198		Rejected!	
ZNF184_TARGET_GENES	1496	97		
SIGMAR1_TARGET_GENES	15		Rejected!	
EBNA1BP2_TARGET_GENES	373	27		
ZNF2_TARGET_GENES	1185	53		
ZNF577_TARGET_GENES	522	31		
PCGF1_TARGET_GENES	546	32		
DIDO1_TARGET_GENES	1624	43		
ZNF426_TARGET_GENES	88		Rejected!	
ZNF416_TARGET_GENES	5		Rejected!	
HDAC8_TARGET_GENES	132		Rejected!	
KDM5D_TARGET_GENES	1628	84		
PCGF6_TARGET_GENES	68		Rejected!	
BACH2_TARGET_GENES	1998	139		
BARHL1_TARGET_GENES	1146	38		
IRX2_TARGET_GENES	162		Rejected!	
FOXQ1_TARGET_GENES	38		Rejected!	
ZNF436_TARGET_GENES	502	35		
ZNF407_TARGET_GENES	1970	77		
ZNF350_TARGET_GENES	1470	74		
HOXD1_TARGET_GENES	77		Rejected!	
ALX4_TARGET_GENES	32		Rejected!	
EPC1_TARGET_GENES	218		Rejected!	
ADNP_TARGET_GENES	94		Rejected!	
PRDM12_TARGET_GENES	150		Rejected!	
ZNF768_TARGET_GENES	1346	108		
STN1_TARGET_GENES	11		Rejected!	
TDRD3_TARGET_GENES	5		Rejected!	
VRTN_TARGET_GENES	23		Rejected!	
BRF2_TARGET_GENES	20		Rejected!	
TAF9B_TARGET_GENES	565	48		
BARX1_TARGET_GENES	1264	60		
ARNT2_TARGET_GENES	673	29		
HES4_TARGET_GENES	597	23		
ZNF532_TARGET_GENES	65		Rejected!	
METTL14_TARGET_GENES	155		Rejected!	
UBN1_TARGET_GENES	1779	111		
LHX9_TARGET_GENES	1563	83		
PRDM5_TARGET_GENES	121		Rejected!	
ZNF331_TARGET_GENES	366		Rejected!	
ZNF302_TARGET_GENES	6		Rejected!	
ASH1L_TARGET_GENES	1446	58		
DROSHA_TARGET_GENES	69		Rejected!	
ARHGAP35_TARGET_GENES	119		Rejected!	
SIRT3_TARGET_GENES	59		Rejected!	
THAP1_TARGET_GENES	1985	66		
ZNF586_TARGET_GENES	34		Rejected!	
UBP1_TARGET_GENES	1915	103		
ADA2_TARGET_GENES	846	51		
ZNF224_TARGET_GENES	1037	55		
FOXJ2_TARGET_GENES	591	33		
ZNF581_TARGET_GENES	327	17		
HMG20B_TARGET_GENES	1922	115		
PPARGC1A_TARGET_GENES	100		Rejected!	
HEY2_TARGET_GENES	74		Rejected!	
LHX3_TARGET_GENES	37		Rejected!	
ZMYM2_TARGET_GENES	129		Rejected!	
ZNF282_TARGET_GENES	1058	66		
SFMBT1_TARGET_GENES	1661	97		
NUFIP1_TARGET_GENES	47		Rejected!	
DACH1_TARGET_GENES	987	55		
SIX4_TARGET_GENES	42		Rejected!	
ZNF391_TARGET_GENES	954	39		
SALL4_TARGET_GENES	1838	89		
ZNF112_TARGET_GENES	7		Rejected!	
FOXD3_TARGET_GENES	35		Rejected!	
ZNF223_TARGET_GENES	322	16		
TASOR_TARGET_GENES	290		Rejected!	
CASP8AP2_TARGET_GENES	341	16		
PRDM4_TARGET_GENES	456	30		
ELF5_TARGET_GENES	444	25		
ZNF236_TARGET_GENES	212		Rejected!	
ZNF214_TARGET_GENES	7		Rejected!	
ZNF777_TARGET_GENES	49		Rejected!	
ZNF490_TARGET_GENES	350	20		
HSF4_TARGET_GENES	17		Rejected!	
NOTCH3_TARGET_GENES	1135	61		
ZA_UNIPROT_Q9UM89_UNREVIEWED_TARGET_GENES	57		Rejected!	
BARX2_TARGET_GENES	1723	73		
DICER1_TARGET_GENES	69		Rejected!	
RUVBL2_TARGET_GENES	38		Rejected!	
RUVBL1_TARGET_GENES	180	15		
ATF5_TARGET_GENES	458	23		
ZNF510_TARGET_GENES	41		Rejected!	
ZBTB1_TARGET_GENES	115		Rejected!	
ZNF257_TARGET_GENES	559	30		
THRAP3_TARGET_GENES	29		Rejected!	
MED16_TARGET_GENES	47		Rejected!	
ZBTB12_TARGET_GENES	1297	65		
ZNF711_TARGET_GENES	1728	51		
ZNF175_TARGET_GENES	840	47		
NFE2L3_TARGET_GENES	16		Rejected!	
NEUROG3_TARGET_GENES	24		Rejected!	
HES2_TARGET_GENES	1420	102		
ZSCAN21_TARGET_GENES	504	18		
SUPT16H_TARGET_GENES	1944	139		
DMRT1_TARGET_GENES	410	27		
NR2E3_TARGET_GENES	6		Rejected!	
DNMT3A_TARGET_GENES	593	21		
ZFP37_TARGET_GENES	6		Rejected!	
SETBP1_TARGET_GENES	186		Rejected!	
MORC2_TARGET_GENES	1954	93		
AAANWWTGC_UNKNOWN	195	41		
AAAYRNCTG_UNKNOWN	375	29		
MYOD_01	269	29		
E47_01	255	33		
CMYB_01	255	16		
AP4_01	265	23		
AACTTT_UNKNOWN	1928	202		
MEF2_01	148	16		
ELK1_01	275	20		
SP1_01	239	24		
EVI1_06	23		Rejected!	
ATF_01	267	39		
HOX13_01	46		Rejected!	
ELK1_02	256		Rejected!	
RSRFC4_01	249	31		
CETS1P54_01	265		Rejected!	
AACWWCAANK_UNKNOWN	146	15		
P300_01	256	18		
NFE2_01	275	26		
CREB_01	268	34		
CREBP1_01	183	20		
CREBP1CJUN_01	264	34		
SOX5_01	268	37		
E4BP4_01	223	20		
NFKAPPAB65_01	241	37		
CREL_01	257	42		
AACYNNNNTTCCS_UNKNOWN	101		Rejected!	
NFKAPPAB_01	255	35		
NMYC_01	280	24		
MYOGNF1_01	48		Rejected!	
COMP1_01	118		Rejected!	
HEN1_02	200	17		
YY1_01	252	23		
IRF1_01	255	40		
IRF2_01	129	22		
TAL1BETAE47_01	255	27		
TAL1ALPHAE47_01	258	30		
AAGWWRNYGGC_UNKNOWN	123		Rejected!	
HEN1_01	200	21		
YY1_02	251		Rejected!	
TAL1BETAITF2_01	266	30		
E47_02	254	27		
CP2_01	260	34		
GATA1_01	247	20		
GATA2_01	105		Rejected!	
GATA3_01	245	25		
EVI1_01	16		Rejected!	
EVI1_02	137		Rejected!	
ACAWNRNSRCGG_UNKNOWN	64		Rejected!	
EVI1_03	58		Rejected!	
EVI1_04	241	25		
EVI1_05	174	20		
MZF1_01	240	22		
MZF1_02	236	15		
ZID_01	269	20		
IK1_01	282	25		
IK2_01	273	31		
IK3_01	229	31		
CDP_01	95		Rejected!	
ACAWYAAAG_UNKNOWN	107	17		
PBX1_01	260	31		
PAX6_01	102		Rejected!	
PAX2_01	59		Rejected!	
S8_01	247	33		
CDP_02	111		Rejected!	
CDPCR1_01	129		Rejected!	
CDPCR3HD_01	238	23		
NRF2_01	273		Rejected!	
CEBPB_01	267	39		
ACCTGTTG_UNKNOWN	160	16		
CREB_02	260	21		
TAXCREB_01	140	18		
CEBPA_01	256	32		
CEBPB_02	266	47		
MYCMAX_01	257	21		
MAX_01	266	20		
USF_01	264	24		
USF_02	278	29		
MYCMAX_02	272	27		
ACTAYRNNNCCCR_UNKNOWN	463		Rejected!	
PBX1_02	132	19		
GATA1_02	249	24		
GATA1_03	246	28		
GATA1_04	247	32		
HFH1_01	251	35		
FOXD3_01	202	24		
HNF3B_01	223	28		
HNF1_01	246	24		
TST1_01	265	32		
HNF4_01	273	20		
ACTWSNACTNY_UNKNOWN	106		Rejected!	
OCT1_01	271	38		
OCT1_02	214	29		
OCT1_03	236	32		
OCT1_04	243	32		
AHR_01	65		Rejected!	
LYF1_01	271	34		
PAX5_01	156		Rejected!	
PAX5_02	17		Rejected!	
BRN2_01	240	25		
HSF1_01	276	29		
AGCYRWTTC_UNKNOWN	121		Rejected!	
HSF2_01	259	24		
SRY_01	228	24		
SRF_01	51		Rejected!	
ARP1_01	167		Rejected!	
RORA1_01	248	15		
RORA2_01	156	17		
COUP_01	265	21		
CEBP_01	277	31		
SRY_02	259	44		
OCT1_05	255	37		
ARGGGTTAA_UNKNOWN	122	20		
OCT1_06	268	33		
AP1FJ_Q2	271	24		
AP1_Q2	265	29		
AP1_Q6	259	31		
AP4_Q5	272	26		
AP4_Q6	225	25		
CREB_Q2	269	34		
CREB_Q4	272	36		
CREBP1_Q2	260	38		
MYB_Q6	257	26		
ATCMNTCCGY_UNKNOWN	53		Rejected!	
MYOD_Q6	249	31		
NFY_Q6	263	22		
SRF_Q6	248	44		
USF_Q6	264	29		
AP1_Q4	271	26		
AP2_Q6	259	23		
CEBP_Q2	238	39		
ER_Q6	284	27		
GR_Q6	275	29		
NF1_Q6	270	35		
ATGGYGGA_UNKNOWN	105		Rejected!	
NFKB_Q6	258	37		
OCT1_Q6	272	39		
SP1_Q6	260	17		
AP1_C	276	35		
CEBP_C	207	24		
GATA_C	268	41		
GRE_C	129		Rejected!	
HNF1_C	249	29		
NFKB_C	268	41		
NFY_C	250	19		
CAGNWMCNNNGAC_UNKNOWN	88	21		
OCT_C	270	34		
SEF1_C	6		Rejected!	
SRF_C	215	35		
TATA_C	285	60		
USF_C	284	25		
SREBP1_01	174		Rejected!	
SREBP1_02	88		Rejected!	
HAND1E47_01	284	37		
STAT_01	258	31		
STAT1_01	69		Rejected!	
CAGNYGKNAAA_UNKNOWN	78		Rejected!	
STAT3_01	22		Rejected!	
MEF2_02	236	29		
MEF2_03	240	31		
MEF2_04	26		Rejected!	
AHRARNT_01	142	17		
ARNT_01	271	19		
AHRARNT_02	15		Rejected!	
NKX25_01	127		Rejected!	
NKX25_02	267	43		
PPARA_01	37		Rejected!	
CATRRAGC_UNKNOWN	139	15		
EGR1_01	269	19		
NGFIC_01	255	22		
EGR3_01	83		Rejected!	
EGR2_01	198	16		
OCT1_07	168	24		
CHOP_01	239	33		
GFI1_01	265	33		
XBP1_01	135		Rejected!	
TATA_01	256	55		
NRSF_01	97	22		
CCAATNNSNNNGCG_UNKNOWN	60		Rejected!	
RREB1_01	209	24		
ISRE_01	253	36		
HLF_01	259	27		
OLF1_01	275	34		
AML1_01	271	26		
P53_02	255	23		
LMO2COM_01	265	38		
LMO2COM_02	244	26		
MIF1_01	186		Rejected!	
RFX1_01	263	18		
CCANNAGRKGGC_UNKNOWN	120	17		
RFX1_02	286	23		
TCF11MAFG_01	206	26		
TCF11_01	258	28		
NFY_01	261	23		
HFH3_01	196	22		
FREAC2_01	264	31		
FREAC3_01	257	36		
FREAC4_01	153	25		
FREAC7_01	200	23		
HFH8_01	208	25		
CCAWNWWNNNGGC_UNKNOWN	87		Rejected!	
NFAT_Q6	249	27		
MYCMAX_B	273	30		
PAX3_B	91		Rejected!	
PAX8_B	106		Rejected!	
WHN_B	261	25		
ZF5_B	243	22		
ATF_B	191	30		
ETS1_B	268	30		
ETS2_B	281	37		
GABP_B	265	15		
CCAWYNNGAAR_UNKNOWN	148	16		
OCT1_B	269	35		
GATA1_05	284	36		
PAX4_01	268	25		
PAX4_02	241	31		
PAX4_03	256	32		
PAX4_04	223	27		
MSX1_01	175	28		
HOXA3_01	14		Rejected!	
EN1_01	111	15		
CCCNNNNNNAAGWT_UNKNOWN	104		Rejected!	
AMEF2_Q6	265	29		
MMEF2_Q6	274	34		
HMEF2_Q6	141	16		
RSRFC4_Q2	217	25		
SOX9_B1	238	40		
HNF4_01_B	257	22		
AREB6_01	274	36		
AREB6_02	259	34		
AREB6_03	263	25		
AREB6_04	253	35		
CCGNMNNTNACG_UNKNOWN	79		Rejected!	
CART1_01	229	26		
TGIF_01	254	22		
MEIS1_01	249	30		
MEIS1AHOXA9_01	121		Rejected!	
MEIS1BHOXA9_01	144	17		
FOXJ2_01	187	17		
FOXJ2_02	243	27		
NKX61_01	235	25		
CCTNTMAGA_UNKNOWN	134		Rejected!	
TITF1_Q3	244	20		
IPF1_Q4	258	32		
CHX10_01	228	37		
VDR_Q3	232	24		
SPZ1_01	235	36		
CGGAARNGGCNG_UNKNOWN	56		Rejected!	
AR_Q2	126		Rejected!	
ZIC1_01	266	21		
ZIC2_01	252	25		
ZIC3_01	255	22		
NKX3A_01	238	21		
IRF7_01	258	33		
FAC1_01	224	27		
STAT5A_01	259	43		
STAT5B_01	255	47		
STAT5A_02	143	17		
CRGAARNNNNCGA_UNKNOWN	48		Rejected!	
GATA6_01	268	43		
POU3F2_01	102	15		
POU3F2_02	265	30		
POU6F1_01	240	30		
HIF1_Q5	249	20		
AP2REP_01	182	21		
AP2ALPHA_01	243	27		
AP2GAMMA_01	252	23		
TBP_01	248	29		
CTCNANGTGNY_UNKNOWN	94		Rejected!	
FOXO4_01	246	26		
FOXO1_01	248	25		
FOXO1_02	249	27		
FOXO4_02	263	26		
FOXO3_01	251	25		
CDC5_01	266	31		
AR_01	159		Rejected!	
PITX2_Q2	264	27		
ATF6_01	126		Rejected!	
NCX_01	176	22		
CTGCAGY_UNKNOWN	779	86		
NKX22_01	192	18		
PAX2_02	265	38		
NKX62_Q2	246	25		
BACH2_01	273	36		
MAZR_01	224	18		
STAT1_02	263	22		
STAT5A_03	274	40		
STAT6_01	272	37		
BACH1_01	263	40		
STAT1_03	254	28		
CTGRYYYNATT_UNKNOWN	74		Rejected!	
STAT3_02	148	20		
STAT4_01	268	27		
STAT5A_04	214	27		
STAT6_02	260	28		
LHX3_01	232	26		
ERR1_Q2	267	19		
PPARG_01	47		Rejected!	
ATF3_Q6	253	40		
ATF4_Q2	260	27		
CTGYNNCTYTAA_UNKNOWN	88		Rejected!	
AP1_01	271	40		
PPARA_02	133		Rejected!	
GNCF_01	78		Rejected!	
NERF_Q2	254	32		
RP58_01	212	23		
HTF_01	71		Rejected!	
ARNT_02	256	17		
MYCMAX_03	264	25		
AFP1_Q6	268	42		
ALX4_01	16		Rejected!	
CTTTAAR_UNKNOWN	994	103		
CEBPDELTA_Q6	247	36		
CEBPGAMMA_Q6	259	26		
CRX_Q4	274	26		
DBP_Q6	265	26		
EFC_Q6	275	18		
FOXM1_01	248	37		
FXR_Q3	114		Rejected!	
GATA4_Q3	253	28		
GCM_Q2	245	20		
HNF4ALPHA_Q6	271	28		
CYTAGCAAY_UNKNOWN	151		Rejected!	
HNF6_Q6	239	25		
HOXA4_Q2	272	42		
HSF_Q6	209	28		
LBP1_Q6	222	23		
LFA1_Q6	251	26		
LXR_Q3	81		Rejected!	
MAF_Q6	264	27		
MAZ_Q6	193	16		
MTF1_Q4	256	26		
NFMUE1_Q6	250		Rejected!	
GAANYNYGACNY_UNKNOWN	76		Rejected!	
NRF1_Q6	262		Rejected!	
PEA3_Q6	263	31		
PTF1BETA_Q6	246	23		
PU1_Q6	236	25		
SP3_Q3	249	20		
TCF1P_Q6	271	28		
TCF4_Q5	244	28		
TEF_Q6	262	24		
TEL2_Q6	240	18		
ALPHACP1_01	263	28		
GATGKMRGCG_UNKNOWN	66		Rejected!	
AP3_Q6	251	21		
ATF1_Q6	237	37		
E12_Q6	265	45		
E4F1_Q6	292	25		
ETF_Q6	119		Rejected!	
HEB_Q6	269	26		
ICSBP_Q6	253	34		
SMAD3_Q6	242	27		
TEF1_Q6	227	27		
TFIII_Q6	207	15		
GCCNNNWTAAR_UNKNOWN	152	27		
TFIIA_Q6	256	27		
MYOGENIN_Q6	259	37		
ZF5_01	237	19		
PAX8_01	39		Rejected!	
CACBINDINGPROTEIN_Q6	246	19		
CACCCBINDINGFACTOR_Q6	271	34		
COREBINDINGFACTOR_Q6	276	33		
HNF3ALPHA_Q6	211	33		
HP1SITEFACTOR_Q6	235	30		
USF2_Q6	254		Rejected!	
GCGNNANTTCC_UNKNOWN	125		Rejected!	
SF1_Q6	260	17		
CDX2_Q5	263	35		
OSF2_Q6	270	36		
SMAD4_Q6	244	27		
CIZ_01	254	23		
GCGSCMNTTT_UNKNOWN	71		Rejected!	
HFH4_01	205	32		
POU1F1_Q6	240	33		
LEF1_Q6	267	29		
ELF1_Q6	249	38		
IRF1_Q6	263	43		
SREBP1_Q6	247	26		
HMGIY_Q6	253	36		
AML1_Q6	271	26		
P53_DECAMER_Q2	258	22		
DR1_Q3	264	16		
GCTNWTTGK_UNKNOWN	310	35		
PPAR_DR1_Q2	264	15		
HNF4_DR1_Q3	267	18		
COUP_DR1_Q6	254	22		
LXR_DR4_Q3	93		Rejected!	
FXR_IR1_Q6	112		Rejected!	
AML_Q6	269	34		
CEBP_Q3	255	28		
ETS_Q4	252	28		
IRF_Q6	244	29		
MYB_Q3	253	25		
GGAANCGGAANY_UNKNOWN	110		Rejected!	
NFKB_Q6_01	237	38		
NFY_Q6_01	265	22		
SREBP_Q3	258	24		
STAT_Q6	264	31		
AHR_Q5	221	18		
GATA_Q6	201	29		
HNF1_Q6	256	29		
HNF3_Q6	192	36		
SMAD_Q6	258	23		
YY1_Q6	251	19		
GGAMTNNNNNTCCY_UNKNOWN	119		Rejected!	
TTF1_Q6	268	27		
OCT_Q6	267	30		
USF_Q6_01	244	25		
HIF1_Q3	236	15		
MYC_Q2	187		Rejected!	
AP2_Q3	255	15		
CREB_Q3	255	25		
PIT1_Q6	239	31		
E2F_Q2	180		Rejected!	
E2A_Q2	253	31		
GGARNTKYCCA_UNKNOWN	80		Rejected!	
LEF1_Q2	231	23		
NF1_Q6_01	276	27		
EGR_Q6	280	19		
PAX_Q6	264	36		
FOX_Q2	213	21		
SRF_Q4	230	47		
NRF2_Q4	258	27		
CEBP_Q2_01	272	44		
MYB_Q5_01	269	22		
ER_Q6_01	280	23		
GGCKCATGS_UNKNOWN	68		Rejected!	
AP2_Q6_01	271	19		
CREB_Q2_01	226	33		
CREB_Q4_01	217	27		
GR_Q6_01	281	32		
SRF_Q5_01	225	43		
AP1_Q2_01	274	32		
AP1_Q6_01	267	31		
GGCNKCCATNK_UNKNOWN	121		Rejected!	
AP1_Q4_01	264	40		
AP4_Q6_01	257	32		
MYOD_Q6_01	257	31		
OCT1_Q5_01	275	34		
SP1_Q6_01	248	17		
SP1_Q4_01	259	16		
SP1_Q2_01	250	19		
NFAT_Q4_01	267	38		
GGCNNMSMYNTTG_UNKNOWN	75		Rejected!	
MEF2_Q6_01	250	23		
CP2_02	253	30		
AR_02	40		Rejected!	
PR_01	149		Rejected!	
GR_01	203	20		
AR_03	58		Rejected!	
PR_02	135		Rejected!	
ER_Q6_02	259	21		
PR_Q2	269	20		
GGCNRNWCTTYS_UNKNOWN	85		Rejected!	
VDR_Q6	276	32		
AR_Q6	259	22		
T3R_Q6	256	24		
PXR_Q2	260	26		
DR4_Q2	266	33		
DR3_Q4	149	17		
HNF4_Q6	271	22		
GGGNRMNNYCAT_UNKNOWN	83		Rejected!	
GGGYGTGNY_UNKNOWN	686	73		
GKCGCNNNNNNNTGAYG_UNKNOWN	60		Rejected!	
GTCNYYATGR_UNKNOWN	120		Rejected!	
GTGGGTGK_UNKNOWN	297	35		
GTTGNYNNRGNAAC_UNKNOWN	111		Rejected!	
GTTNYYNNGGTNA_UNKNOWN	90		Rejected!	
GTTRYCATRR_UNKNOWN	176		Rejected!	
KCCGNSWTTT_UNKNOWN	108		Rejected!	
KMCATNNWGGA_UNKNOWN	97		Rejected!	
KRCTCNNNNMANAGC_UNKNOWN	66		Rejected!	
MCAATNNNNNGCG_UNKNOWN	85		Rejected!	
MYAATNNNNNNNGGC_UNKNOWN	112		Rejected!	
RAAGNYNNCTTY_UNKNOWN	148	18		
RACTNNRTTTNC_UNKNOWN	130		Rejected!	
RNCTGNYNRNCTGNY_UNKNOWN	87		Rejected!	
RNGTGGGC_UNKNOWN	784	72		
RNTCANNRNNYNATTW_UNKNOWN	64		Rejected!	
RRAGTTGT_UNKNOWN	257	20		
RTTTNNNYTGGM_UNKNOWN	155	18		
RYAAAKNNNNNNTTGW_UNKNOWN	84		Rejected!	
RYCACNNRNNRNCAG_UNKNOWN	76		Rejected!	
RYTAAWNNNTGAY_UNKNOWN	63		Rejected!	
RYTGCNWTGGNR_UNKNOWN	118		Rejected!	
SMTTTTGT_UNKNOWN	407	53		
SNACANNNYSYAGA_UNKNOWN	95		Rejected!	
SYATTGTG_UNKNOWN	232	21		
TAANNYSGCG_UNKNOWN	81		Rejected!	
TAAYNRNNTCC_UNKNOWN	174	19		
TCCATTKW_UNKNOWN	241	26		
TCCCRNNRTGC_UNKNOWN	216		Rejected!	
TGACATY_UNKNOWN	676	70		
TGCGCANK_UNKNOWN	554	31		
TGCTGAY_UNKNOWN	547	53		
TGGNNNNNNKCCAR_UNKNOWN	436	50		
TGTYNNNNNRGCARM_UNKNOWN	88		Rejected!	
TMTCGCGANR_UNKNOWN	166		Rejected!	
TNCATNTCCYR_UNKNOWN	137		Rejected!	
TTANTCA_UNKNOWN	967	98		
TTANWNANTGGM_UNKNOWN	65		Rejected!	
TTCYRGAA_UNKNOWN	340	39		
TTTNNANAGCYR_UNKNOWN	133	19		
WCAANNNYCAG_UNKNOWN	254		Rejected!	
WCTCNATGGY_UNKNOWN	83		Rejected!	
WGTTNNNNNAAA_UNKNOWN	554	66		
WTGAAAT_UNKNOWN	625	65		
WTTGKCTG_UNKNOWN	519	65		
WWTAAGGC_UNKNOWN	146	22		
WYAAANNRNNNGCG_UNKNOWN	65		Rejected!	
YAATNANRNNNCAG_UNKNOWN	70		Rejected!	
YAATNRNNNYNATT_UNKNOWN	104	15		
YATTNATC_UNKNOWN	382	47		
YCATTAA_UNKNOWN	567	54		
YGACNNYACAR_UNKNOWN	99		Rejected!	
YGCANTGCR_UNKNOWN	127		Rejected!	
YGCGYRCGC_UNKNOWN	326	19		
YGTCCTTGR_UNKNOWN	98		Rejected!	
YKACATTT_UNKNOWN	290	28		
YNGTTNNNATT_UNKNOWN	376	42		
YNTTTNNNANGCARM_UNKNOWN	72		Rejected!	
YRCCAKNNGNCGC_UNKNOWN	66		Rejected!	
YRTCANNRCGC_UNKNOWN	64		Rejected!	
YTAAYNGCT_UNKNOWN	154	20		
YTCCCRNNAGGY_UNKNOWN	74		Rejected!	
YTTCCNNNGGAMR_UNKNOWN	52		Rejected!	
YWATTWNNRGCT_UNKNOWN	71		Rejected!	
YYCATTCAWW_UNKNOWN	192	27		
RACCACAR_AML_Q6	268	35		
TGANTCA_AP1_C	1139	154		
CAGCTG_AP4_Q5	1530	174		
CAGGTA_AREB6_01	802	75		
TGACGTCA_ATF3_Q6	235	28		
TGAYRTCA_ATF3_Q6	549	68		
TTGCWCAAY_CEBPB_02	63		Rejected!	
TAATTA_CHX10_01	823	100		
TTAYRTAA_E4BP4_01	268	28		
GTGACGY_E4F1_Q6	671	50		
SCGGAAGY_ELK1_02	1242	48		
TGACCTY_ERR1_Q2	1064	105		
RYTTCCTG_ETS2_B	1112	137		
RTAAACA_FREAC2_01	938	96		
MGGAAGTG_GABP_B	771	51		
GATAAGR_GATA_C	299	46		
TGATTTRY_GFI1_01	296	41		
AAAYWAACM_HFH4_01	262	37		
RGTTAMWNATT_HNF1_01	74		Rejected!	
TGTTTGY_HNF3_Q6	748	85		
TTCNRGNNNNTTC_HSF_Q6	155	19		
RGAANNTTC_HSF1_01	458	49		
STTTCRNTTT_IRF_Q6	192	32		
CTTTGA_LEF1_Q2	1247	127		
YTAATTAA_LHX3_01	192	18		
YTATTTTNR_MEF2_02	715	75		
TGACAGNY_MEIS1_01	850	78		
RYTGCNNRGNAAC_MIF1_01	90		Rejected!	
CACGTG_MYC_Q2	1057	79		
GCANCTGNY_MYOD_Q6	935	120		
TGCCAAR_NF1_Q6	727	92		
TGGAAA_NFAT_Q4_01	1934	234		
TGASTMAGC_NFE2_01	195	27		
GGGNNTTTCC_NFKB_Q6_01	134	24		
GATTGGY_NFY_Q6_01	1177	102		
RCGCANGCGY_NRF1_Q6	949	38		
YATGNWAAT_OCT_C	367	45		
CCCNNGGGAR_OLF1_01	326	37		
CGTSACG_PAX3_B	149		Rejected!	
GGGTGGRR_PAX4_03	1310	154		
GGATTA_PITX2_Q2	594	53		
RGAGGAARY_PU1_Q6	515	66		
CTAWWWATA_RSRFC4_Q2	366	51		
TAAWWATAG_RSRFC4_Q2	172	21		
TGACCTTG_SF1_Q6	253	23		
CATTGTYY_SOX9_B1	368	52		
TCANNTGAY_SREBP1_01	479	32		
CCAWWNAAGG_SRF_Q4	88	22		
TTCYNRGAA_STAT5B_01	341	55		
TATAAA_TATA_01	1317	198		
TGANNYRGCA_TCF11MAFG_01	307	30		
WGGAATGY_TEF1_Q6	387	44		
GCCATNTTG_YY1_Q6	437	23		
ATAACCT_MIR154	62		Rejected!	
ACGCACA_MIR210	8		Rejected!	
GGCGGCA_MIR371	5		Rejected!	
E2F_01	68		Rejected!	
E2F_02	238	20		
CDPCR3_01	57		Rejected!	
TAXCREB_02	27		Rejected!	
PAX3_01	22		Rejected!	
E2F_Q3	228	19		
E2F_Q4	238		Rejected!	
E2F_Q6	236		Rejected!	
E2F1_Q3	247	15		
E2F1_Q4	249	19		
E2F1_Q6	236	15		
HMX1_01	43		Rejected!	
ROAZ_01	11		Rejected!	
E2F_03	249	21		
E2F1DP1_01	238	20		
E2F1DP2_01	238	20		
E2F4DP1_01	242	19		
E2F4DP2_01	238	20		
E2F1DP1RB_01	233	19		
E2F_Q3_01	236	24		
E2F_Q4_01	238	28		
E2F_Q6_01	242	25		
E2F1_Q3_01	250	23		
E2F1_Q4_01	229	23		
E2F1_Q6_01	243	18		
KTGGYRSGAA_UNKNOWN	77		Rejected!	
RRCCGTTA_UNKNOWN	88		Rejected!	
SGCGSSAAA_E2F1DP2_01	170		Rejected!	
